body_text,category,link,scraped_at,title,ner,summary
"Para pemimpin dan delegasi dari negara-negara makmur serta negara berkembang dijadwalkan berkumpul pada akhir pekan ini untuk menghadiri penyelenggaraan konferensi tingkat tinggi (KTT) G20 di Johannesburg, Afrika Selatan (Afsel). Namun, pertemuan tahun ini diwarnai aksi boikot dari Presiden Amerika Serikat (AS) Donald Trump dan pemerintahannya, dengan tidak mengirimkan perwakilan sama sekali.

KTT G20 pertama yang digelar di benua Afrika itu akan dihadiri oleh perwakilan dari 42 negara. Absennya AS, salah satu anggota pendiri sekaligus pihak yang seharusnya mengambil alih presidensi bergilir G20 di Johannesburg, menjadi sorotan utama dan mendominasi percakapan menjelang pertemuan.",international,https://investor.id/international/418386/ktt-g20-tetap-berjalan-tanpa-as-dan-trump,2025-11-21T18:07:41.810501,KTT G20 Tetap Berjalan Tanpa AS dan Trump,"[{'entity': 'Johannesburg', 'type': 'Location'}, {'entity': 'Afrika Selatan', 'type': 'Location'}, {'entity': 'Afsel', 'type': 'Location'}, {'entity': 'G20', 'type': 'Organization'}, {'entity': 'Presiden Amerika Serikat', 'type': 'Title'}, {'entity': 'Donald Trump', 'type': 'Person'}, {'entity': 'Amerika Serikat', 'type': 'Location'}, {'entity': 'AS', 'type': 'Location'}]","Para pemimpin dari negara-negara makmur dan berkembang dijadwalkan menghadiri KTT G20 di Johannesburg, Afrika Selatan, yang menjadi pertemuan tingkat tinggi pertama di benua Afrika. Namun, acara ini mendapat perhatian karena absennya Amerika Serikat, yang tidak mengirim perwakilan, termasuk Presiden Donald Trump, meskipun AS merupakan anggota pendiri dan seharusnya menjabat presidensi bergilir. Kehadiran hanya dari 42 negara, serta ketidakhadiran AS, menjadi fokus utama menjelang pertemuan."
"Kementerian Komunikasi dan Digital (Kemkomdigi) membeberkan fakta penting terkait layanan Cloudflare di Indonesia, pasca gangguan layanan yang mengakibatkan lumpuhnya beberapa layanan aplikasi dan internet global.

Berdasarkan temuan Kemkomdigi, Cloudflare ternyata melindungi ribuan situs judi online (judol) melalui penyamaran alamatInternet Protokol(IP), dan mempercepat perpindahan domain untuk menghindari pemblokiran konten. Berdasarkan 10.000 datasamplingsitus judi online yang ditangani pada periode 1-2 November 2025, Kemkomdigi menyebut, lebih dari 76% diantaranya menggunakan layanan Cloudflare.",business,https://investor.id/business/418353/cloudflare-dituding-lindungi-ribuan-situs-judol-di-indonesia,2025-11-21T18:07:42.880177,Cloudflare Dituding Lindungi Ribuan Situs Judol di Indonesia,"[{'entity': 'Kementerian Komunikasi dan Digital', 'type': 'Organization'}, {'entity': 'Kemkomdigi', 'type': 'Organization'}, {'entity': 'Cloudflare', 'type': 'Organization'}, {'entity': 'Indonesia', 'type': 'Location'}, {'entity': 'Internet Protokol', 'type': 'Technology'}, {'entity': '1-2 November 2025', 'type': 'Date'}]","Kementerian Komunikasi dan Digital (Kemkomdigi) mengungkap bahwa layanan Cloudflare digunakan oleh lebih dari 76% dari 10.000 situs judi online yang disampling pada November 2025, dengan fungsi menyamarkan alamat IP dan mempercepat perpindahan domain untuk menghindari pemblokiran, menimbulkan kekhawatiran menyusul gangguan layanan global yang terjadi."
"Konglomerasi bisnis asal Korea Selatan, Posco International mengatakan telah menyiapkan dana jumbo untuk melakukan penawaran tender wajib (mandatory tender offer) sebanyak 34,28% saham PT Sampoerna Agro Tbk (SGRO) setelah menjadi pengendali baru emiten sawit tersebut. Pada 19 November 2025, Posco melalui anak usahanya, Agpa Pte Ltd telah membeli sebanyak 1,19 miliar saham atau 65,72% saham SGRO dari Twinwood Family Holdings Limited (Grup Sampoerna) senilai US$ 566,49 juta atau setara Rp 9,44 triliun.

“Tujuan akuisisi adalah untuk perluasan sinergi bisnis sawit di Indonesia,” kata Manajemen Posco International dalam keterangan resmi kepada Bursa Korea (Korea Exchange), Kamis (20/11/2025).",market,https://investor.id/market/418356/dana-jumbo-posco-untuk-tender-offer-sgro,2025-11-21T18:07:43.961976,Dana Jumbo Posco untukTender OfferSGRO,"[{'entity': 'Posco International', 'type': 'Organization'}, {'entity': 'Korea Selatan', 'type': 'Location'}, {'entity': 'PT Sampoerna Agro Tbk', 'type': 'Organization'}, {'entity': 'SGRO', 'type': 'Organization'}, {'entity': 'Agpa Pte Ltd', 'type': 'Organization'}, {'entity': 'Twinwood Family Holdings Limited', 'type': 'Organization'}, {'entity': 'Grup Sampoerna', 'type': 'Organization'}, {'entity': '19 November 2025', 'type': 'Date'}, {'entity': '20/11/2025', 'type': 'Date'}, {'entity': 'Korea Exchange', 'type': 'Organization'}, {'entity': 'Indonesia', 'type': 'Location'}]","Posco International, perusahaan asal Korea Selatan, telah mengambil alih 65,72% saham PT Sampoerna Agro Tbk (SGRO) dari Grup Sampoerna melalui anak usahanya, Agpa Pte Ltd, pada 19 November 2025, dengan nilai pembayaran sebesar US$ 566,49 juta (Rp 9,44 triliun). Sebagai pemegang saham pengendali baru, Posco International kini menyiapkan dana besar untuk melaksanakan tender wajib terhadap 34,28% sisa saham SGRO. Tujuan utamanya adalah memperluas sinergi bisnis kelapa sawit di Indonesia, sebagaimana dikemukakan dalam keterangan resmi ke Bursa Korea."
"Emiten komponen otomotif milik konglomerat TP Rachmat, PT Dharma Polimetal Tbk (DRMA) berencana mengakuisisi saham perusahaan asal Malaysia, PT Mah Sing Indonesia (MSI).

President Direktur Dharma Polimetal (DRMA) Irianto Santoso mengungkap rencana perseroan untuk mengakuisisi 82% saham PT Mah Sing Indonesia (MSI) dengan nilai transaksi sekitar Rp 41 miliar.

“Saat ini kami berada pada tahap awal penyelesaian dokumen dan proses hukum terkait akuisisi PT MSI,” ujar Irianto Santoso dalam keterangan resmi, Kamis (20/11/2025).

PT MSI merupakan anak perusahaan dari Mah Sing Group Berhad, sebuah kelompok usaha konglomerasi asal Malaysia yang memiliki portofolio bisnis luas meliputi sektor properti, industri plastik, dan manufaktur.

Dia mengatakan, langkah akuisisi tersebut tentunya akan memperkuat posisi Dharma Polimetal (DRMA) di industri manufaktur komponen plastik untuk kendaraan roda empat (4W).

“Akuisisi ini juga sejalan dengan strategiinovasi perusahaan dalam meningkatkan diversifikasi dan ekspansi bisnis,” tambahnya.

Sementara itu, manajemen Dharma Polimetal (DRMA) optimistis perseroan akan dapat meraih target penjualan sebesar Rp 6 triliun pada tahun 2025.

Pada periode Januari-September 2025, penjualan DRMA tercatat tumbuh 9,20% (year on year/YoY) menjadi Rp 4,39 triliun. Sedangkan, laba bersih meningkat 1,69% YoY menjadi Rp 428,11 miliar.

Segmen roda dua (2W) yang mencatatkan penjualan sebesar Rp 2,72 triliun, merupakan kontributor utama pendapatan DRMA.

Segmen 2W ini menyumbang 62% dari total penjualan konsolidasi DRMA, didukung oleh inovasi yang dilakukan untuk meningkatkan pangsa pasar yang turut mendorong pertumbuhan kinerja secara keseluruhan.

Sementara itu, saham DRMA bergerak menanjak 1,99% ke harga Rp 1.025 per saham pada perdagangan Jumat (21/11/2025).

Follow ChannelTelegram Officialkami untuk update artikel-artikel investor.id",corporate-action,https://investor.id/corporate-action/418373/emiten-tp-rachmat-drma-mau-akuisisi-82-saham-perusahaan-asal-malaysia,2025-11-21T18:07:45.091613,Emiten TP Rachmat (DRMA) Mau Akuisisi 82% Saham Perusahaan Asal Malaysia,"[{'entity': 'PT Dharma Polimetal Tbk', 'type': 'Company'}, {'entity': 'DRMA', 'type': 'Company'}, {'entity': 'PT Mah Sing Indonesia', 'type': 'Company'}, {'entity': 'MSI', 'type': 'Company'}, {'entity': 'TP Rachmat', 'type': 'Person'}, {'entity': 'Irianto Santoso', 'type': 'Person'}, {'entity': 'Mah Sing Group Berhad', 'type': 'Company'}, {'entity': 'Kamis (20/11/2025)', 'type': 'Date'}, {'entity': 'Jumat (21/11/2025)', 'type': 'Date'}, {'entity': '2025', 'type': 'Year'}, {'entity': 'Januari-September 2025', 'type': 'Date'}, {'entity': 'Rp 41 miliar', 'type': 'Monetary'}, {'entity': 'Rp 6 triliun', 'type': 'Monetary'}, {'entity': 'Rp 4,39 triliun', 'type': 'Monetary'}, {'entity': 'Rp 428,11 miliar', 'type': 'Monetary'}, {'entity': 'Rp 2,72 triliun', 'type': 'Monetary'}, {'entity': '1,99%', 'type': 'Percentage'}, {'entity': '9,20%', 'type': 'Percentage'}, {'entity': '1,69%', 'type': 'Percentage'}, {'entity': '62%', 'type': 'Percentage'}, {'entity': 'Rp 1.025 per saham', 'type': 'Monetary'}, {'entity': 'roda dua (2W)', 'type': 'Product/Service'}, {'entity': 'roda empat (4W)', 'type': 'Product/Service'}, {'entity': 'industri manufaktur komponen plastik', 'type': 'Industry'}, {'entity': 'properti', 'type': 'Industry'}, {'entity': 'industri plastik', 'type': 'Industry'}, {'entity': 'manufaktur', 'type': 'Industry'}, {'entity': 'investor.id', 'type': 'Website'}, {'entity': 'ChannelTelegram Officialkami', 'type': 'Social Media Channel'}]","PT Dharma Polimetal Tbk (DRMA), emiten komponen otomotif milik konglomerat TP Rachmat, berencana mengakuisisi 82% saham PT Mah Sing Indonesia (MSI), perusahaan asal Malaysia, dengan nilai transaksi sekitar Rp 41 miliar. Rencana ini sedang dalam tahap awal penyelesaian dokumen dan proses hukum. Akuisisi ini bertujuan memperkuat posisi DRMA di industri manufaktur komponen plastik untuk kendaraan roda empat (4W) serta mendukung strategi diversifikasi dan ekspansi bisnis. Manajemen DRMA optimistis mencapai target penjualan Rp 6 triliun di 2025, setelah pada Januari-September 2025 realisasi penjualan tumbuh 9,20% menjadi Rp 4,39 triliun dan laba bersih naik 1,69% menjadi Rp 428,11 miliar. Segmen roda dua (2W) menjadi kontributor utama, menyumbang 62% dari total penjualan. Saham DRMA juga menguat 1,99% menjadi Rp 1.025 per saham pada perdagangan Jumat (21/11/2025)."
"PT Teknologi Karya Digital Nusa Tbk (TRON) atau TKDN menjalin kemitraan strategis dengan National Battery Research Institute (NBRI) melalui penandatanganan nota kesepahaman (MoU). MoU ini terkait untuk mempercepat pengembangan teknologi digitalisasi infrastruktur kendaraan listrik dan sistem penyimpanan energi baterai (battery energy storage system/BESS) di Indonesia.

MoU ini ditandatangani oleh Direktur Utama TRON, David Santoso, dan Founder NBRI, Evvy Kartini. Kolaborasi ini memadukan keunggulan masing-masing pihak untuk mengakselerasi pengembangan teknologi smart mobility, sekaligus meningkatkan kualitas dan keamanan baterai yang digunakan dalam ekosistem kendaraan listrik nasional.

Kerja sama antara TRON dan NBRI mencakup pengembangan teknologismart mobilityserta pengembanganresearch and developmentproduk baterai untuk kendaraan bermotor listrik berbasis baterai dan BESS.

Selain itu, kedua pihak juga akan berkolaborasi dalam pengujian, pengukuran, verifikasi kinerja, danbattery testinguntuk mendukung standardisasi dan peningkatan kualitas baterai. Uji coba sistem monitoring kendaraan listrik, peningkatan kapasitas SDM, pelatihan teknologi, hingga berbagai bentuk kolaborasi lain yang relevan juga menjadi bagian dari ruang lingkup kerja sama ini.

Direktur Utama TRON, David Santoso, menjelaskan bahwa kemitraan ini menjadi tonggak penting bagi perusahaan.

“Kerja sama dengan NBRI menjadi penggerak utama bagi PT TKDN Tbk untuk mewujudkan visi kami sebagai pemimpin di bidangbattery as a service(BaaS) dangreen mobilitydi Indonesia. Sinergi ini memperkuat kemampuan kami menghadirkan solusi teknologi yang inovatif dan berkelanjutan bagi ekosistem transportasi dan energi masa depan,” ungkapnya dalam keterangan resmi, Jumat (21/11/2025).

Founder NBRI,  Evvy Kartini, menegaskan keunggulan kompetensi teknologi yang dimiliki NBRI. “NBRI memiliki kapabilitas hulu untuk memproduksi katoda baterai berbasis nikel berkualitas tinggi. Kami juga dapat memberikan sertifikasi untuk memastikan bahwa produk baterai memenuhi standar keamanan global. Kolaborasi ini memastikan bahwa baterai yang akan dikembangkan di Indonesia tidak hanya unggul secara teknologi, tetapi juga memenuhi standar internasional,” imbuhnya.

Kemitraan ini menjadi wujud nyata kolaborasi antara sektor teknologi dan riset dalam memperkuat ekosistem kendaraan listrik nasional. PT TKDN Tbk, melalui TRON-X Solutions dan Renewable Energy Solutions, akan mengintegrasikan platform digital berbasis AI dan teknologi energi terbarukan dengan kemampuan riset dan teknologi baterai mutakhir dari NBRI guna menghadirkan transportasi listrik yang lebih efisien, terjangkau, dan berkelanjutan.

Editor:Theresa Sandra Desfika(thresa.lepaslandas@gmail.com)

Follow ChannelTelegram Officialkami untuk update artikel-artikel investor.id",corporate-action,https://investor.id/corporate-action/418360/tron-nbri-jalin-kemitraan-pacu-inovasi-kendaraan-listrik-sistem-penyimpanan-energi,2025-11-21T18:07:46.183802,"TRON - NBRI Jalin Kemitraan, Pacu Inovasi Kendaraan Listrik & Sistem Penyimpanan Energi","[{'entity': 'PT Teknologi Karya Digital Nusa Tbk', 'type': 'Organization'}, {'entity': 'TRON', 'type': 'Organization'}, {'entity': 'TKDN', 'type': 'Organization'}, {'entity': 'National Battery Research Institute', 'type': 'Organization'}, {'entity': 'NBRI', 'type': 'Organization'}, {'entity': 'MoU', 'type': 'Document'}, {'entity': 'David Santoso', 'type': 'Person'}, {'entity': 'Direktur Utama TRON', 'type': 'Position'}, {'entity': 'Evvy Kartini', 'type': 'Person'}, {'entity': 'Founder NBRI', 'type': 'Position'}, {'entity': 'battery as a service', 'type': 'Technology'}, {'entity': 'green mobility', 'type': 'Technology'}, {'entity': 'smart mobility', 'type': 'Technology'}, {'entity': 'battery energy storage system', 'type': 'Technology'}, {'entity': 'BESS', 'type': 'Technology'}, {'entity': 'TRON-X Solutions', 'type': 'Organization'}, {'entity': 'Renewable Energy Solutions', 'type': 'Organization'}, {'entity': 'AI', 'type': 'Technology'}, {'entity': 'Jumat (21/11/2025)', 'type': 'Date'}, {'entity': 'Theresa Sandra Desfika', 'type': 'Person'}, {'entity': 'thresa.lepaslandas@gmail.com', 'type': 'Email'}, {'entity': 'ChannelTelegram Official', 'type': 'Platform'}, {'entity': 'investor.id', 'type': 'Website'}]","PT Teknologi Karya Digital Nusa Tbk (TRON) menjalin kemitraan strategis dengan National Battery Research Institute (NBRI) melalui penandatanganan MoU untuk mempercepat pengembangan teknologi digitalisasi infrastruktur kendaraan listrik dan sistem penyimpanan energi baterai (BESS) di Indonesia. Kolaborasi ini mencakup pengembangan smart mobility, R&D baterai untuk kendaraan listrik dan BESS, pengujian kinerja baterai, serta pelatihan dan peningkatan SDM. Dengan memadukan keunggulan teknologi TRON dan kapabilitas riset NBRI—termasuk produksi katoda baterai berbasis nikel berkualitas tinggi dan sertifikasi standar global—kerja sama ini bertujuan mewujudkan solusi transportasi dan energi yang inovatif, aman, dan berkelanjutan. Kemitraan ini merupakan langkah penting bagi TRON untuk menjadi pemimpin dalam layanan *battery as a service* (BaaS) dan mobilitas hijau di Indonesia."
"Komisaris Independen PT Telkom Indonesia (Persero) Tbk (TLKM) mengumumkan pengunduran diri dari perseroan.

SVP Corporate Secretary TLKM Jati Widagdo mengungkap, Telkom Indonesia (TLKM) telah menerima surat pengundurkan diri Yohanes Surya sebagai Komisaris Independen perseroan pada 20 November 2025.

""Pada tanggal 20 November 2025 perseroan telah menerima surat pengunduran diri dari Bapak Yohanes Surya selaku Komisaris Independen PT Telkom Indonesia (Persero) Tbk,"" kata Jati dalam keterbukaan informasi Bursa Efek Indonesia (BEI), Jumat (21/11/2025).

Dia menegaskan, pengunduran diri Komisaris Independen tersebut tidak memiliki dampak material terhadap kelangsungan usaha perseroan.

Selanjutnya, perseroan akan mengambil langkah-langkah yang diperlukan berkaitan dengan surat pengunduran diri yang diajukan oleh Yohanes Surya sesuai dengan ketentuan yang berlaku.

Sementara itu, Telkom Indonesia (TLKM) juga berencana menggelar Rapat Umum Pemegang Saham Luar Biasa (RUPLSB) pada 12 Desember 2025.

Sejumlah mata acara akan dibahas, di antaranya yakni persetujuan atas rencana perseroan untuk melakukan pemisahan sebagian bisnis dan asetwholesale fiber connectivity(tahap I) yang merupakan bagian dari rencana pengalihan seluruh bisnis dan asetwholesale fiber connectivitykepada PT Telkom Infrastruktur Indonesia. Lalu, juga perubahan susunan pengurus perseroan.

Perlu diketahui, Yohanes Surya diangkat menjadi Komisaris Independen PT Telkom Indonesia (Persero) Tbk (TLKM) dalam Rapat Umum Pemegang Saham Tahunan (RUPST) pada 27 Mei 2025.

Seiring adanya informasi tersebut, saham TLKM terpantau anjlok 3,3% ke harga Rp 3.530 per saham pada perdagangan Jumat (21/11/2025).

Follow ChannelTelegram Officialkami untuk update artikel-artikel investor.id",corporate-action,https://investor.id/corporate-action/418359/komisaris-independen-telkom-indonesia-tlkm-mundur-saham-ikut-anjlok,2025-11-21T18:07:47.300577,"Komisaris Independen Telkom Indonesia (TLKM) Mundur, Saham Ikut Anjlok","[{'entity': 'PT Telkom Indonesia (Persero) Tbk', 'type': 'Organization'}, {'entity': 'TLKM', 'type': 'Organization'}, {'entity': 'Yohanes Surya', 'type': 'Person'}, {'entity': 'Komisaris Independen', 'type': 'Title'}, {'entity': 'SVP Corporate Secretary', 'type': 'Title'}, {'entity': 'Jati Widagdo', 'type': 'Person'}, {'entity': 'Bursa Efek Indonesia (BEI)', 'type': 'Organization'}, {'entity': '20 November 2025', 'type': 'Date'}, {'entity': '21 November 2025', 'type': 'Date'}, {'entity': 'Rapat Umum Pemegang Saham Luar Biasa (RUPLSB)', 'type': 'Event'}, {'entity': '12 Desember 2025', 'type': 'Date'}, {'entity': 'Rapat Umum Pemegang Saham Tahunan (RUPST)', 'type': 'Event'}, {'entity': '27 Mei 2025', 'type': 'Date'}, {'entity': 'wholesale fiber connectivity', 'type': 'Business Function'}, {'entity': 'PT Telkom Infrastruktur Indonesia', 'type': 'Organization'}, {'entity': 'saham TLKM', 'type': 'Financial Instrument'}, {'entity': 'Rp 3.530 per saham', 'type': 'Monetary Value'}, {'entity': 'investor.id', 'type': 'Website'}, {'entity': 'Telegram Official', 'type': 'Platform'}]","Komisaris Independen PT Telkom Indonesia (TLKM), Yohanes Surya, mengajukan pengunduran diri pada 20 November 2025, yang telah diterima oleh perseroan. SVP Corporate Secretary TLKM, Jati Widagdo, menegaskan bahwa pengunduran diri ini tidak berdampak material terhadap kelangsungan usaha perusahaan dan akan diproses sesuai ketentuan. Telkom Indonesia juga merencanakan Rapat Umum Pemegang Saham Luar Biasa (RUPLSB) pada 12 Desember 2025 untuk membahas pemisahan sebagian bisnis dan aset *wholesale fiber connectivity* serta perubahan susunan pengurus. Yohanes Surya sebelumnya diangkat dalam RUPST pada 27 Mei 2025. Informasi ini menyebabkan saham TLKM turun 3,3% menjadi Rp 3.530 per saham pada perdagangan Jumat (21/11/2025)."
"Indeks harga saham gabungan (IHSG) diprediksi akan berkonsolidasi pada perdagangan pekan depan, Senin (24/11/2025).

Phintraco Sekuritas menjelaskan dalam risetnya, IHSG ditutup melemah pada level 8.414,3 (-0.07%) pada perdagangan Jumat (21/11/2025).

Tim risetnya menjelaskan, koreksi IHSG antara lain dipicu oleh melemahnya indeks bursa global, dan regional di tengah sentimen negatif tekanan jual saham sektor teknologi, serta memudarnya ekspektasi akan penurunan suku bunga the Fed di Desember 2025.

Secara teknikal, MACD membentukDeath CrossdanStoachasticRSI berada di area pivot. IHSG ditutup di bawah level MA5.

“Sehingga diperkirakan IHSG masih akan berkonsolidasi di kisaran 8.350-8.450 dalam jangka pendek, selama belum mampu ditutup di atas level 8.450 dengan didukung volume besar,” tulisnya dalam riset, Jumat sore (21/11/2025).

Mayoritas indeks di bursa Asia ditutup melemah, Jumat (21/11/2025). Indeks bursa Eropa dibuka melemah dan indeksfuturesdi Wall Street bergerak menguat moderat, Jumat (21/11/2025). IHSG selama sepekan ditutup menguat 0,52%.

Uang beredar dalam arti luas (M2) Indonesia tumbuh 7,7% YoY mencapai Rp 9.783,1 triliun di Oktober 2025 dari pertumbuhan 8% YoY di September 2025, Jumat (21/11/2025).

Pertumbuhan yang sedikit melambat ini sejalan dengan pertumbuhan kredit bulan Oktober yang juga melambat dibandingkan bulan sebelumnya.

Sementara itu, laju inflasi Jepang naik menjadi 3% YoY di Oktober 2025 dari 2,9% YoY di September 2025. Ini merupakan level inflasi tertinggi sejak Juli 2025.

Pemerintahan Jepang menyetujui paket stimulus senilai 21,3 triliun yen, sebagai upaya mendorong pertumbuhan ekonomi dan membantu konsumen yang terdampak inflasi.

Phintraco Sekuritas memberikan rekomendasi saham yang dapat diperhatikan, antara lain saham MDKA, SMGR, HMSP, PGEO, EMTK dan CBDK untuktradingSenin (24/11/2025).

Follow ChannelTelegram Officialkami untuk update artikel-artikel investor.id",stock,https://investor.id/stock/418382/prediksi-ihsg-dan-rekomendasi-saham-senin-24-november-2025,2025-11-21T18:07:48.412238,"Prediksi IHSG dan Rekomendasi Saham Senin, 24 November 2025","[{'entity': 'IHSG', 'type': 'Financial Index'}, {'entity': 'Indeks harga saham gabungan', 'type': 'Financial Index'}, {'entity': 'Phintraco Sekuritas', 'type': 'Financial Institution'}, {'entity': 'Senin', 'type': 'Day'}, {'entity': '24/11/2025', 'type': 'Date'}, {'entity': 'Jumat', 'type': 'Day'}, {'entity': '21/11/2025', 'type': 'Date'}, {'entity': 'MACD', 'type': 'Technical Indicator'}, {'entity': 'Death Cross', 'type': 'Technical Pattern'}, {'entity': 'Stochastic RSI', 'type': 'Technical Indicator'}, {'entity': 'MA5', 'type': 'Moving Average'}, {'entity': '8.350', 'type': 'Numerical Value'}, {'entity': '8.450', 'type': 'Numerical Value'}, {'entity': '8.414,3', 'type': 'Numerical Value'}, {'entity': '0.07%', 'type': 'Percentage'}, {'entity': '0.52%', 'type': 'Percentage'}, {'entity': 'M2', 'type': 'Monetary Aggregate'}, {'entity': 'Indonesia', 'type': 'Country'}, {'entity': 'Rp 9.783,1 triliun', 'type': 'Monetary Value'}, {'entity': '7,7% YoY', 'type': 'Percentage'}, {'entity': '8% YoY', 'type': 'Percentage'}, {'entity': 'September 2025', 'type': 'Date'}, {'entity': 'October 2025', 'type': 'Date'}, {'entity': 'Jepang', 'type': 'Country'}, {'entity': '3%', 'type': 'Percentage'}, {'entity': '2,9% YoY', 'type': 'Percentage'}, {'entity': 'Juli 2025', 'type': 'Date'}, {'entity': '21,3 triliun yen', 'type': 'Monetary Value'}, {'entity': 'MDKA', 'type': 'Stock Ticker'}, {'entity': 'SMGR', 'type': 'Stock Ticker'}, {'entity': 'HMSP', 'type': 'Stock Ticker'}, {'entity': 'PGEO', 'type': 'Stock Ticker'}, {'entity': 'EMTK', 'type': 'Stock Ticker'}, {'entity': 'CBDK', 'type': 'Stock Ticker'}, {'entity': 'trading', 'type': 'Financial Activity'}, {'entity': 'investor.id', 'type': 'Website'}, {'entity': 'Telegram Official', 'type': 'Platform'}]","Indeks Harga Saham Gabungan (IHSG) diperkirakan akan berkonsolidasi pada pekan depan di kisaran 8.350–8.450, setelah melemah tipis menjadi 8.414,3 pada Jumat (21/11/2025), dipengaruhi oleh tekanan jual di sektor teknologi, melemahnya bursa global dan regional, serta berkurangnya ekspektasi penurunan suku bunga the Fed. Secara teknikal, IHSG berada dalam sinyal bearish dengan formasi Death Cross pada MACD dan Stochastic RSI di area pivot, serta tutup di bawah MA5. Meskipun IHSG naik 0,52% dalam sepekan, mayoritas bursa Asia melemah, sementara bursa Eropa dan futures Wall Street bergerak mixed. Dalam data makro, pertumbuhan M2 Indonesia melambat menjadi 7,7% YoY di Oktober 2025, sejalan dengan melambatnya pertumbuhan kredit. Di Jepang, inflasi naik menjadi 3% YoY, tertinggi sejak Juli 2025, menyusul pengesahan paket stimulus 21,3 triliun yen. Phintraco Sekuritas merekomendasikan saham MDKA, SMGR, HMSP, PGEO, EMTK, dan CBDK untuk trading pada Senin (24/11/2025)."
"Indeks harga saham gabungan (IHSG) hari ini, Jumat (21/11/2025), ditutup menurun tipis 5,56 poin (0,07%) ke level 8.414,3.

Sejumlah saham terpantau memberikan cuan besar mulai dari saham BUKK hingga GPSO dengan lonjakan harga 24,59% sampai 25%.

Adapun total nilai transaksi di bursa mencapai Rp 16,13 triliun. Sebanyak 295 saham naik, sedangkan 366 saham turun dan 295 saham stagnan. Volume perdagangan sebanyak 32,86 miliar saham dengan frekuensi sebanyak 1,92 juta kali.

Sejumlah sektor saham menguat pada penutupan pasar hari ini. Sektor saham yang menguat paling tinggi yakni sektor teknologi sebesar 2,72%.

Diikuti, penguatan di sektor perindustrian sebesar 0,85%, sektor barang konsumen primer 0,66%, sektor barang baku 0,65%, sektor properti 0,58%, dan sektor kesehatan 0,4%.

Sebaliknya, pelemahan melanda sektor keuangan 0,61%, sektor transportasi 0,6%, sektor infrastruktur 0,58%, sektor barang konsumen non-primer 0,49%, dan sektor energi 0,29%.

Pilarmas Investindo Sekuritas menilai, pelemahan ini efek aksi profit taking dari investor domestik setelah IHSG menyentuh ATH. “Pasar bergerak sangat hati-hati dalam posisi baru, terutama menjelang akhir pekan,” tulis Pilarmas dalam risetnya, Jumat (21/11/2025).

Pelemahan IHSG terjadi seiring aksi jual di Wall Street, setelah data ketenagakerjaan Amerika Serikat (AS) justru memperkeruh ekspektasi pasar mengenai prospek pemangkasan suku bunga The Fed.

Gubernur The Fed Michael Barr turut memperingatkan bahwa bank sentral harus berhati-hati dalam melanjutkan pemangkasan suku bunga, mengingat inflasi masih berada di atas target.

Pilarmas menegaskan, situasi tersebut membuat pelaku pasar global memilih menahan diri dan mengurangi eksposur pada aset berisiko, termasuk pasar saham Asia yang juga melemah serentak.

Follow ChannelTelegram Officialkami untuk update artikel-artikel investor.id",stock,https://investor.id/stock/418377/ihsg-turun-tipis-5-saham-justru-kasih-cuan-besar-hingga-25,2025-11-21T18:07:49.527607,"IHSG Turun Tipis, 5 Saham Justru Kasih Cuan Besar hingga 25%","[{'entity': 'IHSG', 'type': 'Financial Index'}, {'entity': 'Jumat', 'type': 'Day of Week'}, {'entity': '21/11/2025', 'type': 'Date'}, {'entity': 'BUKK', 'type': 'Stock Ticker'}, {'entity': 'GPSO', 'type': 'Stock Ticker'}, {'entity': 'Rp 16,13 triliun', 'type': 'Monetary Value'}, {'entity': '295', 'type': 'Quantity'}, {'entity': '366', 'type': 'Quantity'}, {'entity': '295', 'type': 'Quantity'}, {'entity': '32,86 miliar saham', 'type': 'Quantity'}, {'entity': '1,92 juta kali', 'type': 'Quantity'}, {'entity': 'teknologi', 'type': 'Sector'}, {'entity': '2,72%', 'type': 'Percentage'}, {'entity': 'perindustrian', 'type': 'Sector'}, {'entity': '0,85%', 'type': 'Percentage'}, {'entity': 'barang konsumen primer', 'type': 'Sector'}, {'entity': '0,66%', 'type': 'Percentage'}, {'entity': 'barang baku', 'type': 'Sector'}, {'entity': '0,65%', 'type': 'Percentage'}, {'entity': 'properti', 'type': 'Sector'}, {'entity': '0,58%', 'type': 'Percentage'}, {'entity': 'kesehatan', 'type': 'Sector'}, {'entity': '0,4%', 'type': 'Percentage'}, {'entity': 'keuangan', 'type': 'Sector'}, {'entity': '0,61%', 'type': 'Percentage'}, {'entity': 'transportasi', 'type': 'Sector'}, {'entity': '0,6%', 'type': 'Percentage'}, {'entity': 'infrastruktur', 'type': 'Sector'}, {'entity': '0,58%', 'type': 'Percentage'}, {'entity': 'barang konsumen non-primer', 'type': 'Sector'}, {'entity': '0,49%', 'type': 'Percentage'}, {'entity': 'energi', 'type': 'Sector'}, {'entity': '0,29%', 'type': 'Percentage'}, {'entity': 'Pilarmas Investindo Sekuritas', 'type': 'Financial Institution'}, {'entity': 'The Fed', 'type': 'Financial Institution'}, {'entity': 'Michael Barr', 'type': 'Person'}, {'entity': 'Amerika Serikat', 'type': 'Country'}, {'entity': 'Wall Street', 'type': 'Financial District'}, {'entity': 'investor.id', 'type': 'Website'}, {'entity': 'ChannelTelegram Officialkami', 'type': 'Social Media Channel'}]","Indeks Harga Saham Gabungan (IHSG) pada Jumat (21/11/2025) melemah tipis 5,56 poin (0,07%) ke level 8.414,3, disebabkan aksi profit taking pasca-pencapaian rekor tertinggi (ATH) dan sentimen global yang memburuk. Total nilai transaksi mencapai Rp 16,13 triliun dengan 295 saham naik, 366 turun, dan 295 stagnan. Sektor teknologi menjadi yang paling menguat (2,72%), diikuti sektor perindustrian dan lainnya, sementara sektor keuangan dan transportasi menjadi yang melemah. Pelemahan pasar dipengaruhi aksi jual di Wall Street menyusul data ketenagakerjaan AS yang memperkeruh ekspektasi pemangkasan suku bunga The Fed, ditambah peringatan Gubernur The Fed Michael Barr tentang risiko inflasi yang masih tinggi. Hal ini membuat pelaku pasar global, termasuk Asia, memilih menahan diri dan mengurangi eksposur aset berisiko."
"Wakil Menteri Keuangan (Wamenkeu) Suahasil Nazara mengatakan pemerintah sudah membelanjakan anggaran sebesar Rp 20,3 triliun untuk subsidi bunga kredit usaha rakyat (KUR) per 31 Oktober 2025. Dana tersebut dipakai untuk mensubsidi bunga penyaluran KUR sebesar Rp 228,1 triliun.

“Realisasi pembayaran subsidi bunga sudah Rp 20,3 triliun untuk pembayaran tagihan subsidi bunga selama 2025 tidak termasuk carry over,” ucap Suahasil dalam konferensi pers APBN KiTa Edisi November 2025 di kantor Kemenkeu, Jakarta Kamis (20/11/2025).

Realisasi subsidi bunga KUR sebesar Rp 20,3 triliun ini sudah 53,1% dari pagu  senilai Rp 38,28  triliun. Sedangkan realisasi KUR senilai Rp 228,1 triliun sudah mencapai  79,7% dari pagu 2025 Rp 286 triliun.

Subsidi bunga KUR ini dibayarkan oleh APBN kepada bank penyalur, sehingga nasabah KUR dapat menikmati bunga KUR sebesar 6%.

“Artinya untuk tahun 2025 untuk bulan November dan Desember masih ada pagu kredit KUR yang bisa diakses oleh masyarakat totalnya sekitar Rp 53 triliun masih belum terrealisasi,” tutur Suahasil.

Dana dalam KUR sudah disalurkan ke 3,9 juta debitur. Bila dilihat menurut sektor maka realisasi KUR terbagi dalam sektor perdagangan (39,3%), pertanian (38,1%), sektor lainnya (15 %), perikanan (1,5%), industri pengolahan (6%), dan konstruksi (0,1%).

“Penerima kur saat ini tercatat sekitar 3,9 juta debitur dan sektornya terutama adalah sektor perdagangan dan sektor pertanian dan sektor-sektor lain juga. Namun sektor yang paling besar adalah perdagangan dan pertanian,” terang dia.

Editor:Natasha Khairunisa Amani(tasha.amani@gmail.com)

Follow ChannelTelegram Officialkami untuk update artikel-artikel investor.id",finance,https://investor.id/finance/418387/penyerapan-subsidi-bunga-kur-capai-rp-203-triliun,2025-11-21T18:07:50.607732,"Penyerapan Subsidi Bunga KUR Capai Rp 20,3 Triliun","[{'entity': 'Wakil Menteri Keuangan', 'type': 'Position'}, {'entity': 'Suahasil Nazara', 'type': 'Person'}, {'entity': 'Pemerintah', 'type': 'Organization'}, {'entity': 'Rp 20,3 triliun', 'type': 'Monetary Value'}, {'entity': 'subsidi bunga kredit usaha rakyat (KUR)', 'type': 'Financial Instrument'}, {'entity': '31 Oktober 2025', 'type': 'Date'}, {'entity': 'Rp 228,1 triliun', 'type': 'Monetary Value'}, {'entity': 'APBN KiTa Edisi November 2025', 'type': 'Event'}, {'entity': 'Kantor Kemenkeu', 'type': 'Location'}, {'entity': 'Jakarta', 'type': 'Location'}, {'entity': 'Kamis (20/11/2025)', 'type': 'Date'}, {'entity': 'Rp 38,28 triliun', 'type': 'Monetary Value'}, {'entity': 'Rp 286 triliun', 'type': 'Monetary Value'}, {'entity': 'APBN', 'type': 'Government Program'}, {'entity': 'bank penyalur', 'type': 'Organization'}, {'entity': '6%', 'type': 'Percentage'}, {'entity': 'November 2025', 'type': 'Date'}, {'entity': 'Desember 2025', 'type': 'Date'}, {'entity': 'Rp 53 triliun', 'type': 'Monetary Value'}, {'entity': '3,9 juta debitur', 'type': 'Quantity'}, {'entity': 'sektor perdagangan', 'type': 'Sector'}, {'entity': '39,3%', 'type': 'Percentage'}, {'entity': 'sektor pertanian', 'type': 'Sector'}, {'entity': '38,1%', 'type': 'Percentage'}, {'entity': 'sektor lainnya', 'type': 'Sector'}, {'entity': '15 %', 'type': 'Percentage'}, {'entity': 'perikanan', 'type': 'Sector'}, {'entity': '1,5%', 'type': 'Percentage'}, {'entity': 'industri pengolahan', 'type': 'Sector'}, {'entity': '6%', 'type': 'Percentage'}, {'entity': 'konstruksi', 'type': 'Sector'}, {'entity': '0,1%', 'type': 'Percentage'}, {'entity': 'Natasha Khairunisa Amani', 'type': 'Person'}, {'entity': 'tasha.amani@gmail.com', 'type': 'Email'}, {'entity': 'ChannelTelegram Officialkami', 'type': 'Organization'}, {'entity': 'investor.id', 'type': 'Website'}]","Wakil Menteri Keuangan Suahasil Nazara menyatakan hingga 31 Oktober 2025, pemerintah telah mengucurkan subsidi bunga KUR sebesar Rp 20,3 triliun, atau 53,1% dari pagu tahunan Rp 38,28 triliun, untuk mendukung penyaluran kredit usaha rakyat (KUR) senilai Rp 228,1 triliun—setara 79,7% dari pagu Rp 286 triliun. Subsidi ini memungkinkan nasabah KUR menikmati suku bunga hanya 6%. Sampai November 2025, sekitar 3,9 juta debitur telah menerima dana KUR, dengan sektor perdagangan (39,3%) dan pertanian (38,1%) menjadi yang terbesar, diikuti sektor lainnya. Pemerintah masih memiliki pagu KUR sekitar Rp 53 triliun yang belum terealisasi hingga akhir tahun."
"Kredit bermasalah yang dipotret dari rasionon-performing loan(NPL) untuk jenis kredit usaha rakyat (KUR) hingga Oktober 2025 adalah sebesar 2,28%. Pemerintah menilai, KUR menjadi program pembiayaan yang paling masih dan efektif.

Berdasarkan keterangan resmi Kementerian Bidang Perekonomian pada Jumat (21/11/2025), hingga 31 Oktober 2025, penyaluran KUR telah mencapai Rp 228,05 triliun kepada 3,87 juta debitur. Nilai pencairan KUR tersebut telah mencakup sekitar 80,16% dari proyeksi tahun ini yang mencapai Rp 284,48 triliun kepada 5,01 juta debitur dengan penyerapan tenaga kerja mencapai 20 juta orang.

Penyaluran KUR untuk sektor produksi mencapai 60,7% dengan fokus pada pertanian Rp 86,8 triliun dan jasa Rp 17,7 triliun. Sedangkan untuk sektor non produksi atau perdagangan sebesar Rp 89,68 triliun.

Lebih dari sekadar angka pencairan, KUR menunjukkan kualitas eksekusi dengan tingkat kredit bermasalah atau NPL hanya 2,28%, separuh dari rata-rata NPL kredit UMKM perbankan yang mencapai 4,55%.

Program KUR juga menunjukkan inklusivitas dengan skema khusus yang menjangkau segmen spesifik. KUR Penempatan Pekerja Migran Indonesia (KUR PMI) mencatatkan penyaluran sebesar Rp 64,53 miliar kepada 2.182 Pekerja Migran Indonesia dan peserta magang luar negeri.

Sementara itu, target debitur KUR baru berjalan optimal dengan capaian 2,34 juta debitur (70,6% dari target 2025) dan pemenuhan target debitur KUR graduasi mencapai 79,13% dari target 2025 atau sebanyak 1,17 juta debitur.

“Dari hasilmonitoringdan evaluasi kinerja penyaluran Kredit Usaha Rakyat (KUR) tahun 2025 yang dilakukan oleh Sekretariat Komite Kebijakan Pembiayaan Bagi UMKM, KUR membuktikan diri sebagai program pembiayaan UMKM paling masif dan efektif,” ungkap Kemenko Perekonomian dalam keterangan resmi.

Ke depan, target KUR 2026 akan disesuaikan dengan arah program prioritas nasional, proyeksi pertumbuhan usaha produktif, dan kapasitas fiskal. Target tersebut tercermin pada penetapan target porsi penyaluran di sektor produksi dan peningkatan porsi debitur KUR baru serta debitur KUR graduasi. Selanjutnya, untuk KUR PMI dioptimalkan penyalurannya pada calon PMI guna mengurangi beban biaya penempatan pahlawan devisa Indonesia.

Sebelumnya, Komite Kebijakan Pembiayaan UMKM menargetkan plafon penyaluran KUR naik menjadi Rp 320 triliun pada tahun 2026. Dari target tersebut penyaluran sektor produksi ditargetkan mencapai 65% dari target atau naik 5% dari target tahun 2025.

“Saya tadi mendapatkan target di 2026 sebesar Rp 320 triliun untuk didorong ke sektor UMKM. Lalu yang dialokasikan ke sektor produksi 65%. Jadi dapat penugasan dari Komite Kebijakan Pembiayaan UMKM naik sekitar 5%,” beber Menteri UMKM, Maman Abdurrahman di kantor Kementerian Koordinator Bidang Perekonomian pada Senin (17/11/2025).

Follow ChannelTelegram Officialkami untuk update artikel-artikel investor.id",finance,https://investor.id/finance/418383/npl-kur-228-per-oktober-2025,2025-11-21T18:07:51.686879,"NPL KUR 2,28% per Oktober 2025","[{'entity': 'Kredit Usaha Rakyat', 'type': 'Program'}, {'entity': 'KUR', 'type': 'Program'}, {'entity': 'NPL', 'type': 'Financial Metric'}, {'entity': 'Pemerintah', 'type': 'Organization'}, {'entity': 'Kementerian Bidang Perekonomian', 'type': 'Government Organization'}, {'entity': 'Jumat', 'type': 'Date'}, {'entity': '21/11/2025', 'type': 'Date'}, {'entity': '31 Oktober 2025', 'type': 'Date'}, {'entity': '2025', 'type': 'Year'}, {'entity': '2026', 'type': 'Year'}, {'entity': 'KUR Penempatan Pekerja Migran Indonesia', 'type': 'Program'}, {'entity': 'KUR PMI', 'type': 'Program'}, {'entity': 'Pekerja Migran Indonesia', 'type': 'Personnel'}, {'entity': 'peserta magang luar negeri', 'type': 'Personnel'}, {'entity': 'Sekretariat Komite Kebijakan Pembiayaan Bagi UMKM', 'type': 'Organization'}, {'entity': 'Komite Kebijakan Pembiayaan UMKM', 'type': 'Organization'}, {'entity': 'Menteri UMKM', 'type': 'Person'}, {'entity': 'Maman Abdurrahman', 'type': 'Person'}, {'entity': 'Senin', 'type': 'Date'}, {'entity': '17/11/2025', 'type': 'Date'}, {'entity': 'Kantor Kementerian Koordinator Bidang Perekonomian', 'type': 'Location'}, {'entity': 'investor.id', 'type': 'Website'}, {'entity': 'ChannelTelegram Official', 'type': 'Platform'}, {'entity': 'Indonesia', 'type': 'Country'}, {'entity': 'pertanian', 'type': 'Sector'}, {'entity': 'jasa', 'type': 'Sector'}, {'entity': 'perdagangan', 'type': 'Sector'}, {'entity': 'sektor produksi', 'type': 'Sector'}, {'entity': 'sektor non produksi', 'type': 'Sector'}, {'entity': 'UMKM', 'type': 'Organization'}, {'entity': 'Rp 228,05 triliun', 'type': 'Monetary Value'}, {'entity': 'Rp 284,48 triliun', 'type': 'Monetary Value'}, {'entity': 'Rp 86,8 triliun', 'type': 'Monetary Value'}, {'entity': 'Rp 17,7 triliun', 'type': 'Monetary Value'}, {'entity': 'Rp 89,68 triliun', 'type': 'Monetary Value'}, {'entity': 'Rp 64,53 miliar', 'type': 'Monetary Value'}, {'entity': 'Rp 320 triliun', 'type': 'Monetary Value'}, {'entity': '2,28%', 'type': 'Percentage'}, {'entity': '4,55%', 'type': 'Percentage'}, {'entity': '80,16%', 'type': 'Percentage'}, {'entity': '60,7%', 'type': 'Percentage'}, {'entity': '70,6%', 'type': 'Percentage'}, {'entity': '79,13%', 'type': 'Percentage'}, {'entity': '65%', 'type': 'Percentage'}]","Hingga Oktober 2025, rasio kredit bermasalah (NPL) Kredit Usaha Rakyat (KUR) berada di level 2,28%, jauh lebih rendah dibanding rata-rata NPL kredit UMKM perbankan (4,55%), menunjukkan efektivitas dan kualitas eksekusi program yang tinggi. Penyaluran KUR mencapai Rp 228,05 triliun kepada 3,87 juta debitur, atau 80,16% dari target tahunan Rp 284,48 triliun, dengan dampak sosial signifikan melalui penyerapan tenaga kerja hingga 20 juta orang. Sebanyak 60,7% penyaluran terfokus pada sektor produksi, terutama pertanian (Rp 86,8 triliun) dan jasa (Rp 17,7 triliun), sementara sektor perdagangan (non-produksi) sebesar Rp 89,68 triliun. Program juga menunjukkan inklusivitas melalui skema khusus seperti KUR PMI yang menjangkau 2.182 Pekerja Migran Indonesia dengan penyaluran Rp 64,53 miliar. Capaian debitur baru sebesar 70,6% (2,34 juta debitur), dan debitur graduasi mencapai 79,13% dari target. Pemerintah menilai KUR sebagai program pembiayaan UMKM paling masif dan efektif. Untuk 2026, target penyaluran KUR dinaikkan menjadi Rp 320 triliun, dengan porsi sektor produksi ditingkatkan menjadi 65% dari 60,7% tahun 2025, serta optimalisasi penyaluran KUR PMI untuk memperkuat kontribusi devisa nasional."
"Menteri Pertanian (Mentan), Andi Amran Sulaiman memastikan bahwa pemerintah akan membangun 30 titik pabrik pakan hewan ternak mulai awal tahun 2026 mendatang.

Mentan Amran menyebutkan, 30 titik pabrik pakan ini akan difokuskan pada daerah-daerah yang mengalami kekurangan pakan seperti Kalimantan dan Sulawesi.

30 pabrik pakan ini terdiri dari dua tahap pembangunan, yaitu pembangunan pabrik untuk penguatan peternakan rakyat ini pada 12 titik tahap pertama, dan 18 titik pada tahap kedua sehingga total menjadi 30 titik.

""Kita fokus untuk pembangunan pabrik pakan itu di daerah-daerah yang shortage yang kekurangan itu daerah seperti Kalimantan, Sulawesi,"" jelas Amran saat ditemui di kediamannya pada Jumat, (21/11/2025).

Amran melanjutkan, untuk daerah-daerah yang memiliki ketersediaan pakan ternak yang berkecukupan, tetap dibangun pabrik pakan namun diminimalkan agar pemerataan terlaksana di seluruh Indonesia.

""Kemudian daerah yang sudah tercukupi itu diminimalkan pembangunan di situ agar seluruh peternak Indonesia terlayani dengan baik,"" katanya.

Selain pabrik untuk pakan ternak, Amran menyebut, pemerintah juga membangun pabrik vaksin ternak, produksi Day Old Chick (DOC) atau anak ayam berumur satu hari dan obat-obatan bagi hewan ternak. Ia melanjutkan, pembangunan ini akan didanai oleh Badan Pengelola Investasi (BPI) Danantara dan APBN sebesar Rp 20 triliun.

""Jadi ini solusi permanen untuk peternak Indonesia. ini adalah membantu saudara-saudara kita sehingga nanti tidak lagi naik turun harganya (pakan) dan ini nanti sustain,"" jelasnya.

Sebelumnya di Istana Negara, Amran menuturkan rencana besar pemerintah untuk memperkuat peternakan rakyat melalui pembangunan pabrik pakan dan fasilitas produksi DOC.

Program bernilai Rp 20 triliun ini ditujukan untuk menjaga stabilitas harga pakan, vaksin, dan obat-obatan serta melindungi 3,7 juta peternak di seluruh Indonesia.

“Kami ingin membangun pabrik pakan, kami ingin memproduksi DOC untuk rakyat, agar harga pakan, harga vaksin nanti stabil, obat-obatan stabil untuk peternak seluruh Indonesia. Ini dibangun untuk peternak-peternak kecil, untuk mendukung, mensupport peternak-peternak kecil,” beber Amran seusai rapat terbatas bersama Presiden Prabowo di Istana Negara, Kamis (20/11/2025).

“Kemudian kabar baik, kita siapkan HPP, HPP harus dijaga dengan baik. Jadi, harga pokok penjualan peternakan juga telur, kemudian ada nanti HET untuk pakan. Sehingga harga tidak jauh berfluktuasi,” pungkas Amran.

Editor:Natasha Khairunisa Amani(tasha.amani@gmail.com)

Follow ChannelTelegram Officialkami untuk update artikel-artikel investor.id",business,https://investor.id/business/418378/30-titik-pabrik-pakan-akan-dibangun-awal-2026-2-daerah-ini-jadi-prioritas,2025-11-21T18:07:52.837771,"30 Titik Pabrik Pakan akan Dibangun Awal 2026, 2 Daerah Ini Jadi Prioritas","[{'entity': 'Menteri Pertanian', 'type': 'Title'}, {'entity': 'Andi Amran Sulaiman', 'type': 'Person'}, {'entity': 'Kalimantan', 'type': 'Region'}, {'entity': 'Sulawesi', 'type': 'Region'}, {'entity': '2026', 'type': 'Date'}, {'entity': 'Jumat', 'type': 'Day'}, {'entity': '21/11/2025', 'type': 'Date'}, {'entity': 'Kamis', 'type': 'Day'}, {'entity': '20/11/2025', 'type': 'Date'}, {'entity': 'Badan Pengelola Investasi (BPI) Danantara', 'type': 'Organization'}, {'entity': 'APBN', 'type': 'Organization'}, {'entity': 'Rp 20 triliun', 'type': 'Monetary'}, {'entity': 'Istana Negara', 'type': 'Location'}, {'entity': 'Presiden Prabowo', 'type': 'Person'}, {'entity': 'HPP', 'type': 'Abbreviation'}, {'entity': 'HET', 'type': 'Abbreviation'}, {'entity': 'investor.id', 'type': 'Website'}, {'entity': 'Natasha Khairunisa Amani', 'type': 'Person'}, {'entity': 'tasha.amani@gmail.com', 'type': 'Email'}]","Menteri Pertanian (Mentan) Andi Amran Sulaiman menegaskan pemerintah akan membangun 30 pabrik pakan ternak mulai awal 2026, dengan fokus di daerah kekurangan pakan seperti Kalimantan dan Sulawesi. Pembangunan dilakukan dalam dua tahap: 12 pabrik di tahap pertama dan 18 pabrik di tahap kedua. Untuk daerah yang sudah cukup pakan, pembangunan diminimalkan agar pemerataan tercapai. Selain pabrik pakan, pemerintah juga akan membangun pabrik vaksin ternak, produksi DOC (anak ayam umur satu hari), dan obat hewan, dengan pendanaan Rp 20 triliun dari BPI Danantara dan APBN. Program ini bertujuan memberikan solusi permanen bagi peternak, menjaga stabilitas harga pakan, vaksin, dan obat, serta melindungi 3,7 juta peternak di seluruh Indonesia. Pemerintah juga akan menjaga Harga Pokok Penjualan (HPP) dan menetapkan Harga Eceran Tertinggi (HET) untuk mencegah fluktuasi harga."
"PT Toyota Astra Motor (TAM) resmi meluncurkan Toyota Veloz Hybrid dalam ajang Gaikindo Jakarta Auto Week (GJAW) 2025 di ICE BSD, Tangerang, Jumat (21/11). Model elektrifikasi yang paling dinanti ini hadir dengan status debut dunia (World Premiere), menandai langkah Toyota dalam menghadirkan solusi ramah lingkungan yang terjangkau bagi segmen mobil keluarga

Peluncuran Veloz Hybrid memperkuat komitmen Toyota terhadap elektrifikasi di pasar domestik, khususnya pada segmen Multi-Purpose Vehicle (MPV) yang sangat populer.

Baca Juga:Century Jadi Merek Ultrapremium Toyota, di Atas Lexus

Presiden Direktur PT TAM, Hiroyuki Ueda, menyatakan kebanggaannya atas peluncuran ini.

""Hari ini kami membuka babak baru untuk Veloz, kini dilengkapi teknologi hybrid dan dengan bangga diproduksi secara lokal di Indonesia,"" ujarnya.

Ia menekankan peran Toyota sebagai mitra sejati dalam perjalanan otomotif Indonesia, di mana Toyota telah berinvestasi lebih dari Rp 100 triliun yang fokus pada pengembangan industri, transfer teknologi, dan pemberdayaan talenta lokal.

""Saat ini, lebih dari 90% produk Toyota yang dijual di Indonesia dibuat secara lokal hingga ke komponennya. Kami bangga dengan pencapaian 3 juta unit ekspor kendaraan dari Indonesia ke lebih dari 100 negara, yang menunjukkan kekuatan industri otomotif Indonesia,"" jelas Ueda.

Baca Juga:Hadirkan Manfaat Nyata bagi Warga Binaan melalui Program Nusakambangan Berdaya, PLN Peroleh Apresiasi dari Kementerian Imipas

Kehadiran Veloz HEV (Hybrid Electric Vehicle) ini bukan hanya menambah portofolio elektrifikasi Toyota, tetapi juga merealisasikan visi perusahaan, yakni Mobility for All. Ueda menjelaskan bahwa Toyota berupaya memenuhi beragam kebutuhan konsumen dengan menciptakan berbagai produk, dan Veloz Hybrid menjadi jawaban untuk kebutuhan mobil keluarga yang efisien dan ramah lingkungan.

Dalam kesempatan yang sama, Wakil Presiden Direktur TAM, Henry Tanoto, mengungkapkan bahwa kesadaran dan permintaan kendaraan ramah lingkungan terus meningkat, didominasi oleh Hybrid EV (HEV) dan Battery EV (BEV).

""Menariknya, BEV lebih terkonsentrasi di kota-kota besar, sementara HEV tersebar merata di seluruh Indonesia, karena kesiapan infrastruktur dan kebutuhan mobilitas yang berbeda di setiap daerah,"" jelas Henry.

Toyota Veloz Hybrid ditawarkan dengan harga spesialpre-bookingyakni mulai dari Rp 299 juta. Harga spesial ini berlaku hingga akhir 2025. Kehadiran Veloz Hybrid diharapkan dapat mempercepat adopsi kendaraan elektrifikasi di Indonesia secara lebih luas.

Follow ChannelTelegram Officialkami untuk update artikel-artikel investor.id",business,https://investor.id/business/418379/toyota-veloz-hybrid-meluncur-di-gjaw-2025-buka-babak-baru-elektrifikasi-mobil-keluarga,2025-11-21T18:07:53.972513,"Toyota Veloz Hybrid Meluncur di GJAW 2025, Buka Babak Baru Elektrifikasi Mobil Keluarga","[{'entity': 'PT Toyota Astra Motor', 'type': 'Organization'}, {'entity': 'TAM', 'type': 'Organization'}, {'entity': 'Toyota Veloz Hybrid', 'type': 'Product'}, {'entity': 'Gaikindo Jakarta Auto Week 2025', 'type': 'Event'}, {'entity': 'GJAW', 'type': 'Event'}, {'entity': 'ICE BSD', 'type': 'Location'}, {'entity': 'Tangerang', 'type': 'Location'}, {'entity': 'Jumat (21/11)', 'type': 'Date'}, {'entity': 'World Premiere', 'type': 'Event'}, {'entity': 'Toyota', 'type': 'Organization'}, {'entity': 'Multi-Purpose Vehicle', 'type': 'Product'}, {'entity': 'MPV', 'type': 'Product'}, {'entity': 'Century', 'type': 'Brand'}, {'entity': 'Lexus', 'type': 'Brand'}, {'entity': 'Hiroyuki Ueda', 'type': 'Person'}, {'entity': 'Presiden Direktur PT TAM', 'type': 'Title'}, {'entity': 'Henry Tanoto', 'type': 'Person'}, {'entity': 'Wakil Presiden Direktur TAM', 'type': 'Title'}, {'entity': 'Hybrid Electric Vehicle', 'type': 'Product'}, {'entity': 'HEV', 'type': 'Product'}, {'entity': 'Battery EV', 'type': 'Product'}, {'entity': 'BEV', 'type': 'Product'}, {'entity': 'Rp 299 juta', 'type': 'Money'}, {'entity': 'akhir 2025', 'type': 'Date'}, {'entity': 'Mobility for All', 'type': 'Mission'}, {'entity': 'Indonesia', 'type': 'Location'}, {'entity': '100 negara', 'type': 'Location'}, {'entity': '3 juta unit ekspor', 'type': 'Quantity'}, {'entity': 'investasi lebih dari Rp 100 triliun', 'type': 'Money'}, {'entity': 'ChannelTelegram Official', 'type': 'Organization'}, {'entity': 'investor.id', 'type': 'Website'}]","PT Toyota Astra Motor (TAM) secara resmi meluncurkan Toyota Veloz Hybrid dalam ajang Gaikindo Jakarta Auto Week (GJAW) 2025 sebagai debut dunia, menandai langkah strategis Toyota dalam memperluas elektrifikasi di segmen MPV keluarga di Indonesia. Peluncuran ini menegaskan komitmen Toyota terhadap solusi mobilitas ramah lingkungan yang terjangkau, dengan Veloz Hybrid yang diproduksi secara lokal dan mengusung teknologi hybrid. Presiden Direktur TAM, Hiroyuki Ueda, menyoroti investasi besar Toyota di Indonesia, termasuk pengembangan industri, transfer teknologi, dan pemberdayaan talenta lokal, serta pencapaian ekspor 3 juta unit kendaraan dari Indonesia. Veloz Hybrid menjadi bagian dari visi ""Mobility for All"", menjawab kebutuhan keluarga akan kendaraan efisien dan ramah lingkungan. Wakil Presiden Direktur TAM, Henry Tanoto, menekankan meningkatnya permintaan kendaraan ramah lingkungan, dengan HEV lebih sesuai untuk wilayah dengan infrastruktur terbatas. Veloz Hybrid ditawarkan dengan harga spesial pre-booking mulai dari Rp 299 juta hingga akhir 2025, diharapkan dapat mendorong adopsi kendaraan elektrifikasi secara lebih luas di Indonesia."
"Penempatan dana pemerintah di Himpunan Bank Milik Negara (Himbara) dan PT Bank Syariah Indonesia Tbk (BSI) pada pertengahan September 2025 belum terlihat dampaknya ke pertumbuhan kredit Oktober. Pertumbuhan kredit diklaim baru akan terlihat di akhir tahun ini dan awal 2026.

Menteri Keuangan (Menkeu) Purbaya Yudhi Sadewa sebelumnya telah menempatkan saldo anggaran lebih (SAL) ke lima bank sebesar Rp 200 triliun pada 12 September 2025, dengan harapan bisa menggenjot pertumbuhan kredit. Namun, per Oktober 2025, Bank Indonesia (BI) justru mengumumkan bahwa pertumbuhan kredit hanya naik 7,36% secara tahunan (year on year/yoy) menurun dari 7,7% (yoy).",finance,https://investor.id/finance/418338/pertumbuhan-kredit-baru-terasa-di-akhir-tahun,2025-11-21T18:07:55.104431,Pertumbuhan Kredit Baru Terasa di Akhir Tahun,"[{'entity': 'Himpunan Bank Milik Negara', 'type': 'Organization'}, {'entity': 'Himbara', 'type': 'Organization'}, {'entity': 'PT Bank Syariah Indonesia Tbk', 'type': 'Organization'}, {'entity': 'BSI', 'type': 'Organization'}, {'entity': 'September 2025', 'type': 'Date'}, {'entity': 'Oktober 2025', 'type': 'Date'}, {'entity': 'akhir tahun ini', 'type': 'Date'}, {'entity': 'awal 2026', 'type': 'Date'}, {'entity': 'Menteri Keuangan', 'type': 'Position'}, {'entity': 'Purbaya Yudhi Sadewa', 'type': 'Person'}, {'entity': 'Saldo Anggaran Lebih', 'type': 'Financial Term'}, {'entity': 'SAL', 'type': 'Financial Term'}, {'entity': '12 September 2025', 'type': 'Date'}, {'entity': 'Rp 200 triliun', 'type': 'Monetary Value'}, {'entity': 'Bank Indonesia', 'type': 'Organization'}, {'entity': 'BI', 'type': 'Organization'}, {'entity': '7,36% secara tahunan', 'type': 'Percentage'}, {'entity': 'year on year', 'type': 'Date'}, {'entity': 'yoy', 'type': 'Date'}, {'entity': '7,7% (yoy)', 'type': 'Percentage'}]","Penempatan dana pemerintah sebesar Rp 200 triliun di Himpunan Bank Milik Negara (Himbara) dan BSI pada September 2025 belum berdampak signifikan pada pertumbuhan kredit hingga Oktober 2025, yang hanya tumbuh 7,36% (yoy), menurun dari 7,7% (yoy) sebelumnya. Peningkatan pertumbuhan kredit diperkirakan baru terjadi pada akhir 2025 dan awal 2026."
"Putusan Mahkamah Konstitusi (MK) yang memangkas masa berlaku Hak Guna Usaha (HGU) di Ibu Kota Nusantara (IKN) harus segera diikuti dengan penyusunan regulasi turunan yang jelas dan transparan untuk memberi kepastian terhadap investor.

Anggota Komisi II DPR RI, Indrajaya menyambut baik putusan MK yang memangkas masa berlaku HGU di Ibu Kota Nusantara dari 190 tahun menjadi 95 tahun. Putusan itu mempertegas pentingnya keadilan dalam pengelolaan tanah di kawasan strategis nasional.",business,https://investor.id/business/418311/hgu-dipangkas-investor-ikn-harus-diberi-kepastian,2025-11-21T18:07:56.205076,"HGU Dipangkas, Investor IKN Harus Diberi Kepastian","[{'entity': 'Mahkamah Konstitusi', 'type': 'Organization'}, {'entity': 'Hak Guna Usaha', 'type': 'Legal Concept'}, {'entity': 'Ibu Kota Nusantara', 'type': 'Location'}, {'entity': 'Komisi II DPR RI', 'type': 'Organization'}, {'entity': 'Indrajaya', 'type': 'Person'}, {'entity': 'Ibu Kota Nusantara', 'type': 'Location'}]","Putusan Mahkamah Konstitusi (MK) yang memangkas masa berlaku Hak Guna Usaha (HGU) di Ibu Kota Nusantara (IKN) dari 190 menjadi 95 tahun disambut positif oleh Anggota Komisi II DPR RI, Indrajaya, sebagai bentuk penegakan keadilan dalam pengelolaan tanah di kawasan strategis nasional. Untuk memberikan kepastian kepada investor, diperlukan segera penyusunan regulasi turunan yang jelas dan transparan."
"Komisi Pemberantasan Korupsi (KPK) menyerahkan barang rampasan senilai Rp883.038.394.268 atau sekitar Rp883 miliar dan enam unit efek kepada PT Taspen (Persero). Penyerahan ini dilakukan sesuai putusan yang berkekuatan hukum tetap.

""Serah terima ini dilakukan dari perkara atas nama terdakwa Ekiawan Heri Primaryanto yang telah memperoleh putusan yang berkekuatan hukum tetap berdasarkan putusan Pengadilan Tindak Pidana Korupsi pada Pengadilan Negeri Jakarta Pusat,"" kata Pelaksana Tugas Deputi Penindakan dan Eksekusi KPK Asep Guntur Rahayu di Gedung Merah Putih KPK, Jakarta, Kamis (20/11/2025).",national,https://investor.id/national/418276/kpk-serahkan-barang-rampasan-rp883-miliar-kepada-pt-taspen,2025-11-21T18:07:57.336359,KPK Serahkan Barang Rampasan Rp883 Miliar kepada PT Taspen,"[{'entity': 'Komisi Pemberantasan Korupsi', 'type': 'Organization'}, {'entity': 'KPK', 'type': 'Organization'}, {'entity': 'PT Taspen (Persero)', 'type': 'Organization'}, {'entity': 'Ekiawan Heri Primaryanto', 'type': 'Person'}, {'entity': 'Putusan Pengadilan Tindak Pidana Korupsi pada Pengadilan Negeri Jakarta Pusat', 'type': 'Organization'}, {'entity': 'Pelaksana Tugas Deputi Penindakan dan Eksekusi KPK', 'type': 'Organization'}, {'entity': 'Asep Guntur Rahayu', 'type': 'Person'}, {'entity': 'Gedung Merah Putih KPK', 'type': 'Building'}, {'entity': 'Jakarta', 'type': 'Location'}, {'entity': 'Kamis (20/11/2025)', 'type': 'Date'}]","Komisi Pemberantasan Korupsi (KPK) menyerahkan barang rampasan senilai Rp883 miliar dan enam unit efek kepada PT Taspen (Persero), berdasarkan putusan pengadilan yang telah berkekuatan hukum tetap terhadap terdakwa Ekiawan Heri Primaryanto dalam perkara tindak pidana korupsi. Penyerahan dilakukan di Gedung Merah Putih KPK, Jakarta, pada Kamis (20/11/2025), dan dipimpin oleh Pelaksana Tugas Deputi Penindakan dan Eksekusi KPK Asep Guntur Rahayu."
"Minat investor ritel Indonesia terhadap aset crypto menunjukkan tren penguatan dalam dua tahun terakhir. Bitcoin tetap menjadi aset digital paling populer dan sering menjadi pintu masuk pertama bagi masyarakat yang ingin mengenal investasi berbasis blockchain. Bersamaan dengan itu, kebutuhan terhadap aplikasi Bitcoin yang aman, transparan, serta mudah digunakan semakin meningkat, khususnya bagi investor pemula.

Di tengah dinamika pasar yang cepat, aplikasi ternama sepertiPluangmulai mendapat perhatian karena menawarkan akses aset crypto, termasuk Bitcoin, dengan pendekatan yang lebih ramah bagi investor ritel.

Bitcoin diperkenalkan pada 2009 oleh sosok misterius bernama Satoshi Nakamoto. Aset crypto ini dirancang sebagai mata uang digital yang dapat ditransaksikan secara langsung antar pengguna (peer-to-peer) tanpa melibatkan perantara seperti bank atau lembaga keuangan lain.

Seluruh transaksi Bitcoin dicatat dalam jaringan blockchain, yakni buku besar digital yang tersebar di ribuan komputer di seluruh dunia. Karena bersifat terdesentralisasi, tidak ada otoritas tunggal yang dapat mengubah atau mengendalikan jaringan Bitcoin. Transparansi dan keamanan inilah yang membuat Bitcoin diminati banyak investor ritel, meski volatilitas harganya juga cukup tinggi.

Bitcoin juga memiliki suplai terbatas, maksimal hanya 21 juta koin. Mekanisme ini menciptakan kelangkaan dan sering dianggap sebagai salah satu faktor yang menguatkan narasi Bitcoin sebagai “emas digital”.

Aset crypto didefinisikan sebagai aset digital yang dibangun di atas teknologi blockchain dan diperdagangkan secara global. Tidak seperti instrumen keuangan tradisional, aset crypto tidak dikendalikan bank sentral atau pemerintah tertentu.

Pluangsebagai platform investasi terlengkap menawarkan aset crypto yang dapat ditransaksikan dengan modal kecil, disimpan di dompet digital, dan dipantau pergerakan harganya secara real-time. Investor juga dapat membeli pecahan kecil dari aset tertentu, termasuk Bitcoin, sehingga tidak perlu membeli satu koin penuh.

Selain Bitcoin, Pluang menyediakan akses ke lebih dari 600 aset crypto serta fitur tambahan seperti pengiriman (send) dan penerimaan (receive) crypto melalui alamat wallet pengguna.

Aplikasi Bitcoin berfungsi sebagai pintu masuk untuk membeli, menjual, dan menyimpan aset crypto. Bagi investor pemula, aplikasi yang tepat memberikan beberapa manfaat penting:

• Antarmuka yang mudah dipahami sehingga proses transaksi tidak membingungkan.

• Keamanan berlapis, termasuk kustodian tepercaya, agar aset digital tetap terlindungi.

• Edukasi dan analisis harga Bitcoin, membantu investor memahami dasar-dasar pasar crypto.

• Transparansi biaya, termasuk penjelasan mengenai spread dan biaya transaksi lain.

Aplikasi yang telah terdaftar dan diawasi regulator menjadi pilihan utama karena memberikan rasa aman bagi pengguna baru.

Pluang muncul sebagai salah satu aplikasi trading yang berfokus pada kepraktisan dan keamanan bagi investor ritel. Beberapa fitur unggulannya meliputi:

Investor pemula dapat mulai membeli Bitcoin melalui Pluang hanya dengan Rp 10.000, sehingga investasi dapat dilakukan bertahap.

Pluang menawarkan lebih dari 600 aset crypto, memberi kesempatan bagi pengguna untuk mencoba berbagai aset sesuai profil risiko.

Aset digital pengguna disimpan melalui Fireblocks, platform kustodian yang digunakan lembaga keuangan global, sehingga keamanan transaksi semakin terjaga.

4. Spread Transparan dan Harga yang Mengacu Pasar Global

Harga aset di Pluang dihitung menggunakan sistem mid price, yaitu harga tengah antara bid dan ask. Spread bersifat floating mengikuti pasar sehingga pengguna bisa melihat harga yang lebih representatif.

Pluang memungkinkan pengguna mengirim dan menerima aset crypto, termasuk Bitcoin, menggunakan alamat wallet masing-masing.

Bagi pemula, Pluang menyediakan penjelasan tentang risiko, dasar-dasar blockchain, cara kerja aset crypto, serta tips investasi.

2. Daftar, verifikasi identitas, dan aktifkan akun.

3. Isi saldo melalui metode pembayaran yang tersedia.

6. Pantau portofolio dan harga pasar secara berkala.

Investor juga bisa menerapkan metode investasi rutin seperti Dollar Cost Averaging (DCA) untuk mengurangi risiko volatilitas.

Pluang menekankan pentingnya memahami risiko sebelum memulai berinvestasi. Beberapa di antaranya:

• Harga crypto sangat fluktuatif, sehingga nilai aset bisa berfluktuasi dalam hitungan menit.

• Risiko kesalahan teknis, seperti salah memasukkan alamat wallet saat transfer.

• Produk futures lebih berisiko, karena melibatkan leverage dan hanya cocok untuk investor berpengalaman.

• Spread dapat berubah, tergantung likuiditas dan kondisi pasar global.

Investor pemula disarankan mulai dari nominal kecil dan fokus pada aset utama seperti Bitcoin untuk meminimalkan risiko awal.

Kenaikan minat terhadap Bitcoin menunjukkan semakin kuatnya keinginan masyarakat Indonesia untuk memahami dan berpartisipasi di ekonomi digital. Di tengah banyaknya aplikasi crypto yang tersedia, Pluang menawarkan perpaduan antara antarmuka ramah pemula, pilihan aset yang luas, keamanan tinggi, dan edukasi komprehensif.

Dengan fitur-fitur tersebut, Pluang dapat menjadi salah satu aplikasi Bitcoin yang relevan bagi investor pemula maupun ritel yang ingin memulai perjalanan investasi aset crypto secara lebih aman dan terukur.

Follow ChannelTelegram Officialkami untuk update artikel-artikel investor.id",market,https://investor.id/market/418384/aplikasi-bitcoin-makin-diminati-pemula-pelajari-cara-belinya,2025-11-21T18:07:58.415512,"Aplikasi Bitcoin Makin Diminati Pemula, Pelajari Cara Belinya","[{'entity': 'Indonesia', 'type': 'Location'}, {'entity': 'Bitcoin', 'type': 'Cryptocurrency'}, {'entity': 'Satoshi Nakamoto', 'type': 'Person'}, {'entity': 'Pluang', 'type': 'Organization'}, {'entity': 'Blockchain', 'type': 'Technology'}, {'entity': 'Fireblocks', 'type': 'Organization'}, {'entity': 'Dollar Cost Averaging (DCA)', 'type': 'Financial Strategy'}, {'entity': 'Telegram', 'type': 'Platform'}, {'entity': 'investor.id', 'type': 'Website'}, {'entity': '2009', 'type': 'Date'}, {'entity': 'Rp 10.000', 'type': 'Currency'}, {'entity': '21 juta koin', 'type': 'Quantity'}, {'entity': 'peer-to-peer', 'type': 'Technology'}, {'entity': 'dompet digital', 'type': 'Technology'}, {'entity': 'wallet', 'type': 'Technology'}, {'entity': 'spread', 'type': 'Financial Term'}, {'entity': 'volatilitas', 'type': 'Financial Term'}, {'entity': 'keamanan berlapis', 'type': 'Security Feature'}, {'entity': 'transparansi biaya', 'type': 'Financial Term'}, {'entity': 'likuiditas', 'type': 'Financial Term'}, {'entity': 'regulator', 'type': 'Organization'}, {'entity': 'kustodian', 'type': 'Financial Term'}, {'entity': 'mid price', 'type': 'Financial Term'}, {'entity': 'bid', 'type': 'Financial Term'}, {'entity': 'ask', 'type': 'Financial Term'}, {'entity': 'futures', 'type': 'Financial Product'}, {'entity': 'emerald digital', 'type': 'Metaphor'}, {'entity': 'ekonomi digital', 'type': 'Concept'}, {'entity': 'aset crypto', 'type': 'Cryptocurrency'}, {'entity': 'crypto', 'type': 'Cryptocurrency'}, {'entity': 'investasi berbasis blockchain', 'type': 'Concept'}, {'entity': 'aplikasi Bitcoin', 'type': 'Application'}, {'entity': 'aplikasi trading', 'type': 'Application'}, {'entity': 'platform investasi', 'type': 'Organization'}, {'entity': 'portofolio', 'type': 'Financial Term'}, {'entity': 'harga pasar', 'type': 'Financial Term'}, {'entity': 'modal kecil', 'type': 'Financial Term'}, {'entity': 'pecahan kecil', 'type': 'Cryptocurrency Term'}, {'entity': 'risiko', 'type': 'Financial Term'}, {'entity': 'profil risiko', 'type': 'Financial Term'}, {'entity': 'edukasi', 'type': 'Concept'}, {'entity': 'analisis harga', 'type': 'Financial Term'}, {'entity': 'pengiriman crypto', 'type': 'Financial Term'}, {'entity': 'penerimaan crypto', 'type': 'Financial Term'}, {'entity': 'antarmuka ramah pemula', 'type': 'Application Feature'}, {'entity': 'fitur tambahan', 'type': 'Application Feature'}, {'entity': 'fitur unggulan', 'type': 'Application Feature'}, {'entity': 'real-time', 'type': 'Technology'}, {'entity': 'terdesentralisasi', 'type': 'Technology'}, {'entity': 'buku besar digital', 'type': 'Technology'}, {'entity': 'ribuan komputer', 'type': 'Technology'}, {'entity': 'otoritas tunggal', 'type': 'Organization'}, {'entity': 'global', 'type': 'Location'}, {'entity': 'nasional', 'type': 'Location'}, {'entity': 'masyarakat Indonesia', 'type': 'Demographic'}, {'entity': 'investor ritel', 'type': 'Demographic'}, {'entity': 'investor pemula', 'type': 'Demographic'}]","Minat investor ritel Indonesia terhadap aset kripto, terutama Bitcoin, mengalami peningkatan signifikan dalam dua tahun terakhir. Bitcoin, sebagai aset digital terkemuka sejak 2009, menjadi pintu masuk bagi pemula karena sifatnya yang terdesentralisasi, transparan, dan berbasis blockchain. Dengan supply maksimal 21 juta koin, Bitcoin dianggap sebagai ""emas digital"" yang langka. Permintaan terhadap aplikasi kripto yang aman, mudah digunakan, dan transparan semakin tinggi. Pluang muncul sebagai platform unggulan yang menyediakan akses ke lebih dari 600 aset kripto dengan modal minimal Rp 10.000, fitur keamanan melalui kustodian Fireblocks, harga berbasis *mid price*, dan transparansi biaya. Aplikasi ini juga menawarkan edukasi, fitur pengiriman dan penerimaan kripto, serta dukungan untuk strategi investasi bertahap seperti Dollar Cost Averaging. Pluang menekankan pentingnya pemahaman risiko, termasuk volatilitas tinggi, risiko teknis, dan kompleksitas produk seperti futures. Dengan antarmuka ramah pengguna, keamanan tinggi, dan edukasi komprehensif, Pluang menjadi pilihan yang tepat bagi investor ritel dan pemula dalam memulai perjalanan investasi kripto secara aman dan terukur."
"Perbankan asal Swiss, UBS menaikkan prediksi harga emas untuk pertengahan tahun 2026 menjadi US$ 4.500 per troy ons, dari proyeksi sebelumnya senilai US$ 4.200 per troy ons.

Dikutip dariKitco News, Jumat (21/11/2025) UBS mengungkapkan bahwa kenaikan proyeksi ini didukung oleh ekspektasi penurunan suku bunga The Fed, risiko geopolitik yang terus berlanjut, kekhawatiran fiskal, dan permintaan yang kuat dari bank sentral global serta investor ETF emas.

“Kami memperkirakan permintaan emas akan terus meningkat pada tahun 2026, dipengaruhi oleh antisipasi penurunan suku bunga The Fed, imbal hasil riil yang lebih rendah, ketidakpastian geopolitik yang berkelanjutan, dan perubahan dalam lingkungan kebijakan domestik AS,” tulis UBS dalam sebuah catatan.

Bank tersebut juga menaikkan proyeksi kenaikan harga emas di pertengahan 2026 sebesar US$ 200 menjadi US$ 4.900 per troy ons, karena potensi lonjakan risiko politik dan keuangan, tetapi mempertahankan skenario penurunan harga emas di US$ 3.700 per troy ons.

Analis di UBS membeberkan, prospek fiskal AS yang memburuk kemungkinan akan mendukung pembelian emas oleh bank sentral global dan investor. Selain itu, permintaan untuk dana yang diperdagangkan di bursa (ETF) diperkirakan akan tetap kuat pada tahun 2026.

Di sisi lain, UBS memperingatkan bahwa potensi sikap hawkish The Fed dan risiko penjualan emas oleh bank sentral global tetap menjadi tantangan utama bagi prospek bullish mereka.

Raksasa perbankan tersebut juga melihat, memudarnya momentum harga emas berisiko memicu penurunan kedua dalam minat terbuka.

Analis UBS juga mengutip laporan Tren Permintaan Emas kuartal ketiga dari World Gold Council, yang mengonfirmasi pembelian emas yang sangat kuat dan semakin cepat dari bank sentral maupun investor individu.

""Pembelian bank sentral sebesar 634 metrik ton tahun ini lebih lambat dibandingkan laju tahun lalu, tetapi meningkat di kuartal ke-4, sejalan dengan perkiraan kami sebesar 900–950 metrik ton untuk tahun 2025,"" tulis mereka.

Editor:Natasha Khairunisa Amani(tasha.amani@gmail.com)

Follow ChannelTelegram Officialkami untuk update artikel-artikel investor.id",market,https://investor.id/market/418362/harga-emas-diteropong-bakal-sentuh-titik-ini-di-pertengahan-2026,2025-11-21T18:07:59.560567,Harga Emas Diteropong Bakal Sentuh Titik Ini di Pertengahan 2026,"[{'entity': 'UBS', 'type': 'Organization'}, {'entity': 'Swiss', 'type': 'Location'}, {'entity': '2026', 'type': 'Date'}, {'entity': 'US$ 4.500', 'type': 'Monetary Value'}, {'entity': 'US$ 4.200', 'type': 'Monetary Value'}, {'entity': 'Kitco News', 'type': 'Organization'}, {'entity': 'Jumat', 'type': 'Date'}, {'entity': '21/11/2025', 'type': 'Date'}, {'entity': 'The Fed', 'type': 'Organization'}, {'entity': 'geopolitik', 'type': 'Concept'}, {'entity': 'fiskal', 'type': 'Concept'}, {'entity': 'ETF emas', 'type': 'Financial Product'}, {'entity': 'US$ 4.900', 'type': 'Monetary Value'}, {'entity': 'US$ 3.700', 'type': 'Monetary Value'}, {'entity': 'AS', 'type': 'Location'}, {'entity': 'World Gold Council', 'type': 'Organization'}, {'entity': 'kuartal ketiga', 'type': 'Date'}, {'entity': '634 metrik ton', 'type': 'Quantity'}, {'entity': '900–950 metrik ton', 'type': 'Quantity'}, {'entity': '2025', 'type': 'Date'}, {'entity': 'Natasha Khairunisa Amani', 'type': 'Person'}, {'entity': 'tasha.amani@gmail.com', 'type': 'Email'}, {'entity': 'investor.id', 'type': 'Website'}, {'entity': 'ChannelTelegram Officialkami', 'type': 'Website'}]","UBS meningkatkan perkiraan harga emas menjadi US$ 4.500 per troy ons pada pertengahan 2026, naik dari sebelumnya US$ 4.200, didorong oleh ekspektasi penurunan suku bunga The Fed, risiko geopolitik, kekhawatiran fiskal AS, serta permintaan kuat dari bank sentral global dan investor ETF. Proyeksi tertinggi bisa mencapai US$ 4.900 jika terjadi lonjakan risiko politik dan keuangan, sementara skenario terendah tetap di US$ 3.700. Permintaan emas diproyeksikan terus tumbuh karena kondisi fiskal AS yang memburuk dan minat terhadap ETF yang stabil. Namun, UBS memperingatkan risiko penurunan harga akibat sikap hawkish The Fed dan potensi penjualan emas oleh bank sentral. Data World Gold Council mendukung tren pembelian kuat emas oleh bank sentral, yang mencapai 634 metrik ton hingga akhir kuartal ketiga, dengan perkiraan tahunan mencapai 900–950 metrik ton."
"Ketua Dewan Ekonomi Nasional (DEN), Luhut Binsar Pandjaitan, memberikan penilaian positif terhadap satu tahun kinerja Pemerintahan Presiden Prabowo Subianto, khususnya di sektor perekonomian. Luhut menyebut, ekonomi nasional berada dalam keadaan relatif kuat dan stabil, sebuah pencapaian yang patut diapresiasi mengingat pemerintahan masih dalam fase transisi.

“Meski masih dalam masa transisi, saya melihat pencapaian ekonomi satu tahun Presiden Prabowo menunjukkan kinerja yang kuat dan stabil,” ungkap Luhut Binsar Pandjaitan melalui akun media sosial pribadinya, Kamis (30/10/2025).

Luhut menambahkan, DEN turut berkontribusi dalam memberikan rekomendasi akselerasi dari sisi fiskal maupun moneter. Langkah akselerasi ini menjadi fondasi kuat untuk pencapaian target pertumbuhan ekonomi ke depan. Diharapkan ke depan kinerja ekonomi nasional terus meningkat, sesuai dengan target-target yang telah dicanangkan.

“Untuk mendorong pertumbuhan ekonomi kami mengambil langkah akselerasi, baik dari sisi fiskal maupun moneter. Hal ini menjadi fondasi yang kuat, untuk pencapaian pertumbuhan ekonomi,” tandas dia.

Sebelumnya, Menteri Koordinator Bidang Perekonomian, Airlangga Hartarto, menyebut kondisi perekonomian domestik dalam satu tahun pertama pemerintahan Presiden Prabowo dan Wakil Presiden Gibran Rakabuming Raka relatif cukup stabil, kendati saat ini Indonesia dihadapkan pada ketidakpastian global.

Dia menerangkan, ketahanan ekonomi domestik disebabkan berbagai langkah pemerintah yang diwujudkan melalui berbagai program dan kebijakan yang disusun untuk menyentuh kebutuhan masyarakat.

Airlangga membeberkan, dalam satu tahun pertama Kabinet Merah Putih, capaian di bidang ekonomi mencakup ekonomi makro yang stabil, sektor keuangan yang sehat, investasi yang tumbuh, kualitas kesejahteraan sosial yang membaik, perlindungan sosial yang menguat, sektor riil yang menguat, kerja sama internasional yang diperluas, serta deregulasi dan reformasi yang terus dijalankan.

Adapun sejumlah program unggulan telah menunjukkan hasil yang signifikan, mulai dari Program Makan Bergizi Gratis (MBG) yang telah menjangkau 36,7 juta penerima manfaat dengan realisasi 1,1 miliar porsi dan melibatkan 12.508 SPPG, sekaligus menciptakan 394.748 lapangan kerja baru di berbagai daerah.

Selain itu, hingga September 2025, sebanyak 46 juta pelaku UMKM, petani, dan nelayan telah memperoleh akses pembiayaan melalui KUR. Realisasi Program Rumah Subsidi (FLPP) juga telah mencapai 221.047 unit, serta pembangunan 100 Kampung Nelayan Merah Putih yang menjadi simbol kemandirian dan kemajuan masyarakat pesisir.

Follow ChannelTelegram Officialkami untuk update artikel-artikel investor.id",macroeconomy,https://investor.id/macroeconomy/415536/1-tahun-prabowo-versi-luhut,2025-11-21T18:08:00.736892,1 Tahun Prabowo Versi Luhut,"[{'entity': 'Ketua Dewan Ekonomi Nasional (DEN)', 'type': 'Organization'}, {'entity': 'Luhut Binsar Pandjaitan', 'type': 'Person'}, {'entity': 'Presiden Prabowo Subianto', 'type': 'Person'}, {'entity': 'Kamis (30/10/2025)', 'type': 'Date'}, {'entity': 'Menteri Koordinator Bidang Perekonomian', 'type': 'Position'}, {'entity': 'Airlangga Hartarto', 'type': 'Person'}, {'entity': 'Wakil Presiden Gibran Rakabuming Raka', 'type': 'Person'}, {'entity': 'Kabinet Merah Putih', 'type': 'Organization'}, {'entity': 'Program Makan Bergizi Gratis (MBG)', 'type': 'Program'}, {'entity': '36,7 juta penerima manfaat', 'type': 'Quantity'}, {'entity': '1,1 miliar porsi', 'type': 'Quantity'}, {'entity': '12.508 SPPG', 'type': 'Quantity'}, {'entity': '394.748 lapangan kerja baru', 'type': 'Quantity'}, {'entity': '46 juta pelaku UMKM, petani, dan nelayan', 'type': 'Quantity'}, {'entity': 'KUR', 'type': 'Program'}, {'entity': 'Program Rumah Subsidi (FLPP)', 'type': 'Program'}, {'entity': '221.047 unit', 'type': 'Quantity'}, {'entity': '100 Kampung Nelayan Merah Putih', 'type': 'Organization'}, {'entity': 'September 2025', 'type': 'Date'}, {'entity': 'investor.id', 'type': 'Website'}, {'entity': 'ChannelTelegram Officialkami', 'type': 'Website'}]","Ketua Dewan Ekonomi Nasional (DEN), Luhut Binsar Pandjaitan, memberikan penilaian positif terhadap kinerja ekonomi pemerintahan Presiden Prabowo Subianto dalam satu tahun pertama, menilai ekonomi nasional tetap kuat dan stabil meski masih dalam masa transisi. Ia menyebut dukungan dari DEN berupa akselerasi kebijakan fiskal dan moneter menjadi fondasi penting untuk pertumbuhan ekonomi ke depan. Menteri Koordinator Bidang Perekonomian, Airlangga Hartarto, memperkuat hal tersebut dengan menyebut kondisi ekonomi domestik stabil di tengah ketidakpastian global, didukung oleh berbagai program strategis seperti Program Makan Bergizi Gratis (MBG), akses pembiayaan bagi UMKM, petani, dan nelayan melalui KUR, pembangunan rumah subsidi, serta pembangunan 100 Kampung Nelayan Merah Putih. Capaian tersebut telah mendorong pertumbuhan sektor riil, perbaikan kesejahteraan sosial, dan reformasi ekonomi secara menyeluruh."
"Presiden Prabowo Subiantomenginisiasi pembangunan Sekolah Unggulan Garuda pada 1 tahun pemerintahan. Ini menjadi ikhtiar dalam rangka menyediakan akses pendidikan berkualitas bagi generasi muda berbakat dari berbagai latar belakang sosial dan membentuk karakter pemimpin di masa depan.

Ada tiga program penting di sektor infrastruktur pendidikan yang jadi prioritas Presiden Prabowo, yaituSekolah Rakyat,Renovasi Sekolah, danSekolah Unggulan Garuda. Sekolah Rakyat yang mengadopsi konsep asrama, punya tujuan memutus rantai kemiskinan melalui pendidikan gratis yang layak, berkualitas, dan menciptakan SDM yang berdaya saing. Melalui sekolah rakyat, setiap anak di Indonesia punya kesempatan sama untuk mengembangkan potensinya, tanpa terkendala oleh latar belakang ekonomi atau sosial mereka.

Sementara Program Renovasi Sekolah dimaksudkan agar setiap peserta didik di seluruh tingkatan memperoleh lingkungan belajar yang layak dan aman, sehingga dapat meningkatkan kualitas proses pembelajaran. Selain perbaikan gedung sekolah dan fasilitas fisik, program ini juga mengimplementasikan digitalisasi pembelajaran melalui penyediaan sarana prasarana digital di setiap kelas.

Melengkapi dua program itu, maka hadirlah Sekolah Unggul Garuda. Sekolah Unggul Garuda yang saat ini baru dirancang untuk tingkat SMA ini ditujukan menghasilkan lulusan yang adaptif dengan pengembangan teknologi. Program tersebut akan menjangkau siswa-siswa berpotensi yang membutuhkan dukungan ekosistem seperti sarana dan prasarana pendidikan berkualitas serta bimbingan dalam pembelajaran untuk memaksimalkan potensinya.

Sekolah Unggul Garuda memberikan akses bagi peserta didik dari berbagai latar belakang untuk dapat mengikuti pendidikan yang berkualitas, membentuk karakter kepemimpinan, dan membina peserta didik untuk dapat memiliki jiwa pelayanan dan pengabdian kepada masyarakat.

Sekolah ini menggunakan kurikulum yang inovatif dan mengadopsi program akademis berstandar tinggi guna menghasilkan lulusan yang berkualitas internasional dan berwawasan luas, yang berpotensi menjadi pemimpin di masa depan, berkontribusi dalam pembangunan nasional, serta mampu bersaing secara global. Para peserta didik tidak hanya dituntut untuk berprestasi secara akademis, tetapi juga dapat menggunakan dan mengaplikasikan pengetahuan mereka dalam kehidupan nyata di masyarakat.

Sekolah Unggul Garuda diharapkan menjadi pusat untuk mengembangkan kompetensi para generasi muda berbakat, berprestasi, dan berdaya saing tinggi. Dengan memperlengkapi putra-putri terbaik bangsa dengan pendidikan yang berkualitas, program ini membuka lebih banyak peluang bagi siswa melanjutkan ke perguruan tinggi.

Pada tahun 2025, pemerintah telah mengalokasikan Rp 2 triliun untuk kebutuhan pembangunan Sekolah Unggul Garuda dan akan disesuaikan dengan kebijakan pembangunan di sektor pendidikan dan pengembangan dana abadi SMA Unggulan. Pada tahun 2026, alokasi untuk Sekolah Unggul Garuda sebesar Rp 3 triliun yang akan digunakan untuk melanjutkan pembangunan di lokasi lainnya.

Menteri Koordinator Bidang Pembangunan Manusia dan Kebudayaan, Pratikno, menyampaikan bahwa SMA Unggul Garuda menjadi bagian penting dalam pemerataan akses pendidikan unggulan berstandar dunia. Hingga 19 Oktober 2025, sebanyak 16 Sekolah Unggul Garuda telah beroperasi, terdiri dari 12 SMA Unggul Garuda Transformasi telah beroperasi dan 4 SMA Unggul Garuda baru siap dibangun di wilayah 3T.

“Di bidang pendidikan, kita memperluas akses dan memperkuat mutu belajar agar anak-anak Indonesia tumbuh cerdas dan siap menghadapi masa depan serta disrupsi teknologi,” ujar Pratikno, baru-baru ini.

Adapun 16 SMA Unggul Garuda mencakup SMAN 10 Fajar Harapan Banda Aceh, SMAS Unggul Del Toba, MAN Insan Cendekia (IC) Ogan Komering Ilir, SMAN Unggulan (SMANU) MH Thamrin Jakarta, SMA Cahaya Rancamaya Bogor, SMA Pradita Dirgantara Boyolali, SMA Taruna Nusantara Magelang, SMA Banua Kalsel Banjarbaru, SMAN Siwalima Ambon, MAN IC Gorontalo, SMA Averos Sorong, dan SMAN 10 Samarinda. Sementara empat SMA Unggul Garuda baru yaitu tersebar di Belitung Timur, Kepulauan Bangka Belitung; Timor Tengah Selatan, NTT; Konawe, Sulawesi Tenggara; dan Bulungan, Kalimantan Utara.

Kepala Staf Kepresidenan,Muhammad Qodari, dalam peluncuran Sekolah Unggul Garuda pada Rabu (8/10/2025) di Belitung Timur, mengatakan bahwa pemerintah akan membangun Sekolah Unggulan Garuda di 20 titik di seluruh Indonesia.

“Sekolah garudadi Belitung Timur ini akan menjadi instrumen yang melahirkan anak muda yang berkualitas untuk mendukung perjuangan kita menjadi negara maju,” Kata Qodari.

Follow ChannelTelegram Officialkami untuk update artikel-artikel investor.id",macroeconomy,https://investor.id/macroeconomy/414464/sekolah-garuda-ikhtiar-mencetak-sdm-berkualitas-dan-memutus-rantai-kemiskinan,2025-11-21T18:08:01.927441,Sekolah Garuda: Ikhtiar Mencetak SDM Berkualitas dan Memutus Rantai Kemiskinan,"[{'entity': 'Prabowo Subianto', 'type': 'Person'}, {'entity': 'Sekolah Unggulan Garuda', 'type': 'Organization'}, {'entity': 'Sekolah Rakyat', 'type': 'Organization'}, {'entity': 'Renovasi Sekolah', 'type': 'Organization'}, {'entity': 'Sekolah Unggul Garuda', 'type': 'Organization'}, {'entity': 'Menteri Koordinator Bidang Pembangunan Manusia dan Kebudayaan', 'type': 'Organization'}, {'entity': 'Pratikno', 'type': 'Person'}, {'entity': 'SMA Unggul Garuda', 'type': 'Organization'}, {'entity': 'SMAN 10 Fajar Harapan Banda Aceh', 'type': 'Organization'}, {'entity': 'SMAS Unggul Del Toba', 'type': 'Organization'}, {'entity': 'MAN Insan Cendekia (IC) Ogan Komering Ilir', 'type': 'Organization'}, {'entity': 'SMAN Unggulan (SMANU) MH Thamrin Jakarta', 'type': 'Organization'}, {'entity': 'SMA Cahaya Rancamaya Bogor', 'type': 'Organization'}, {'entity': 'SMA Pradita Dirgantara Boyolali', 'type': 'Organization'}, {'entity': 'SMA Taruna Nusantara Magelang', 'type': 'Organization'}, {'entity': 'SMA Banua Kalsel Banjarbaru', 'type': 'Organization'}, {'entity': 'SMAN Siwalima Ambon', 'type': 'Organization'}, {'entity': 'MAN IC Gorontalo', 'type': 'Organization'}, {'entity': 'SMA Averos Sorong', 'type': 'Organization'}, {'entity': 'SMAN 10 Samarinda', 'type': 'Organization'}, {'entity': 'Belitung Timur', 'type': 'Location'}, {'entity': 'Kepulauan Bangka Belitung', 'type': 'Location'}, {'entity': 'Timor Tengah Selatan', 'type': 'Location'}, {'entity': 'NTT', 'type': 'Location'}, {'entity': 'Konawe', 'type': 'Location'}, {'entity': 'Sulawesi Tenggara', 'type': 'Location'}, {'entity': 'Bulungan', 'type': 'Location'}, {'entity': 'Kalimantan Utara', 'type': 'Location'}, {'entity': 'Kepala Staf Kepresidenan', 'type': 'Organization'}, {'entity': 'Muhammad Qodari', 'type': 'Person'}, {'entity': 'Rabu (8/10/2025)', 'type': 'Date'}, {'entity': '19 Oktober 2025', 'type': 'Date'}, {'entity': '2025', 'type': 'Date'}, {'entity': '2026', 'type': 'Date'}, {'entity': 'Rp 2 triliun', 'type': 'Money'}, {'entity': 'Rp 3 triliun', 'type': 'Money'}, {'entity': 'investor.id', 'type': 'Organization'}, {'entity': 'Telegram', 'type': 'Organization'}]","Presiden Prabowo Subianto menginisiasi pembangunan **Sekolah Unggulan Garuda** dalam satu tahun masa pemerintahannya sebagai bagian dari upaya menyediakan pendidikan berkualitas bagi generasi muda berbakat dari berbagai latar belakang sosial dan membentuk pemimpin masa depan. Tiga prioritas program infrastruktur pendidikan di bawah kepemimpinannya antara lain **Sekolah Rakyat** (konsep asrama dengan pendidikan gratis untuk memutus rantai kemiskinan), **Renovasi Sekolah** (perbaikan fasilitas fisik dan digitalisasi pembelajaran), serta **Sekolah Unggulan Garuda**. Sekolah Unggulan Garuda dirancang untuk memaksimalkan potensi siswa melalui kurikulum inovatif, standar akademik tinggi, dan pembentukan karakter kepemimpinan, jiwa pelayanan, serta kesiapan global. Hingga 19 Oktober 2025, sudah 16 sekolah beroperasi, termasuk 12 yang telah berdiri dan 4 baru sedang dibangun di wilayah 3T (Tertinggal, Terdepan, Terluar), dengan anggaran Rp 2 triliun pada 2025 dan Rp 3 triliun pada 2026. Pemerintah menargetkan pembangunan di 20 lokasi nasional, dan program ini dipandang sebagai langkah penting dalam pemerataan akses pendidikan unggulan berstandar internasional, menyiapkan generasi muda menghadapi disrupsi teknologi dan menjadi agen pembangunan nasional."
"Saham PT Bank Rakyat Indonesia Tbk (BBRI) atau BRI kembali menghijau pada perdagangan Kamis (20/11/2025). Di sekitar pukul 15.04 WIB, saham BRI ada di posisi Rp 4.020 atau plus 0,50%.

Sudah sebanyak 123,57 juta saham BBRI diperdagangkan, frekuensi 20.522 kali, dan nilai transaksi Rp 499,20 miliar. Saham emiten bank BUMN ini bergerak di rentang Rp 4.010-4.050.

Sejak 14-19 November 2025, saham Bank Rakyat Indonesia selalu ditutup di zona hijau. Asing mencetaknet buydi saham BRI Rp 570,18 miliar untuk periode 13-19 November 2025.

Pada awal pekan ini, Phintraco Sekuritas menyebutkan koreksi saham BRI tertahan di areaneckline cup and handle. Kondisi tersebut menjadi sinyal awalrebound. Potensi golden cross pada Stochastic RSI sejalan dengan indikasi tersebut.

Dalam analisis teknikalnya Senin (17/11/2025), Phintraco menganjurkan titik masuk saham BRI di kisaran 3.860-3.900. Dengan target harga pertama 4.050. Dan target tersebut sudah tercapai, alias ramalan Phintraco terbukti.

Adapun target harga kedua BBRI dari Phintraco di kisaran 4.200-4.250.Stoplossdi bawah 3.790.

Bank Rakyat Indonesia (BBRI) atau BRI tetap memiliki prospek yang positif, meski perolehan laba dalam jangka pendek masih tertahan. BBRI mempertahankan panduan pertumbuhan kredit 2025 berkisar 7-9%. Komposisi pinjaman tetap didominasi oleh segmen konsumer, korporasi, dan pembiayaan berbasis emas. Saat ini, Pegadaian dan PNM berkontribusi sekitar 25% terhadap total eksposur mikro secara konsolidasi.

Pertumbuhan kredit mikro, termasuk Kupedes, diperkirakan masih melemah dalam jangka pendek, karena BBRI tengah memprioritaskan pembersihan portofolio (portfolio clean-up) dan penerapan kebijakan penyaluran kredit yang lebih ketat.

“Namun, pertumbuhan diperkirakan mulai pulih secara bertahap pada 2026 sekitar 1% yoy dan kembali ke level normal 9-10% per tahun dalam jangka panjang,” tulis analis Samuel Sekuritas Indonesia, Prasetya Gunadi dan Brandon Boedhiman dalam risetnya, yang dikutip pada Kamis (13/11/2025).

Adapun margin bunga bersih (net interest margin/NIM) BBRI diproyeksikan stabil pada kisaran 7,3-7,7%. Hal itu bakal didukung oleh rasio dana murah (current account saving account/CASA) di atas 65% dan strategi penetapan bunga kredit yang lebih selektif.

Sedangkan biaya kredit (cost of credit/CoC) diperkirakan berada di batas atas panduan BBRI, yakni 3,2-3,3% dari sebelumnya 3-3,2%. Ini mencerminkan peningkatanwrite-offsdan tekanan berkelanjutan di segmen mikro.

“Meski demikian, CoC diproyeksikan mulai menurun menjadi 2,9-3,2% pada 2026, seiring dengan selesainya eksposur lama (legacy portfolio),” ungkap Prasetya.

Editor:Theresa Sandra Desfika(thresa.lepaslandas@gmail.com)

Follow ChannelTelegram Officialkami untuk update artikel-artikel investor.id",market,https://investor.id/market/418179/ramalan-soal-saham-bbri-terbukti,2025-11-21T18:08:03.011471,Ramalan soal Saham BBRI Terbukti,"[{'entity': 'PT Bank Rakyat Indonesia Tbk', 'type': 'Organization'}, {'entity': 'BBRI', 'type': 'Stock Ticker'}, {'entity': 'BRI', 'type': 'Organization'}, {'entity': 'Kamis (20/11/2025)', 'type': 'Date'}, {'entity': '15.04 WIB', 'type': 'Time'}, {'entity': 'Rp 4.020', 'type': 'Monetary Value'}, {'entity': '0,50%', 'type': 'Percentage'}, {'entity': '123,57 juta saham', 'type': 'Quantity'}, {'entity': '20.522 kali', 'type': 'Quantity'}, {'entity': 'Rp 499,20 miliar', 'type': 'Monetary Value'}, {'entity': 'Rp 4.010', 'type': 'Monetary Value'}, {'entity': 'Rp 4.050', 'type': 'Monetary Value'}, {'entity': '14-19 November 2025', 'type': 'Date'}, {'entity': 'asing', 'type': 'Person'}, {'entity': 'net buy', 'type': 'Financial Term'}, {'entity': 'Rp 570,18 miliar', 'type': 'Monetary Value'}, {'entity': '13-19 November 2025', 'type': 'Date'}, {'entity': 'awal pekan ini', 'type': 'Time'}, {'entity': 'Phintraco Sekuritas', 'type': 'Organization'}, {'entity': 'koreksi saham BRI', 'type': 'Financial Term'}, {'entity': 'neckline cup and handle', 'type': 'Technical Analysis Pattern'}, {'entity': 'sinyal awal rebound', 'type': 'Financial Term'}, {'entity': 'golden cross', 'type': 'Technical Analysis Pattern'}, {'entity': 'Stochastic RSI', 'type': 'Technical Indicator'}, {'entity': 'Senin (17/11/2025)', 'type': 'Date'}, {'entity': 'titik masuk saham BRI', 'type': 'Financial Term'}, {'entity': '3.860-3.900', 'type': 'Monetary Value'}, {'entity': '4.050', 'type': 'Monetary Value'}, {'entity': 'target harga pertama', 'type': 'Financial Term'}, {'entity': 'target harga kedua', 'type': 'Financial Term'}, {'entity': '4.200-4.250', 'type': 'Monetary Value'}, {'entity': 'stoploss', 'type': 'Financial Term'}, {'entity': 'di bawah 3.790', 'type': 'Monetary Value'}, {'entity': 'panduan pertumbuhan kredit 2025', 'type': 'Financial Term'}, {'entity': '7-9%', 'type': 'Percentage'}, {'entity': 'segmen konsumer', 'type': 'Business Segment'}, {'entity': 'korporasi', 'type': 'Business Segment'}, {'entity': 'pembiayaan berbasis emas', 'type': 'Financial Product'}, {'entity': 'Pegadaian', 'type': 'Organization'}, {'entity': 'PNM', 'type': 'Organization'}, {'entity': '25%', 'type': 'Percentage'}, {'entity': 'total eksposur mikro secara konsolidasi', 'type': 'Financial Term'}, {'entity': 'pertumbuhan kredit mikro', 'type': 'Financial Term'}, {'entity': 'Kupedes', 'type': 'Financial Product'}, {'entity': 'pembersihan portofolio', 'type': 'Financial Term'}, {'entity': 'portfolio clean-up', 'type': 'Financial Term'}, {'entity': 'kebijakan penyaluran kredit yang lebih ketat', 'type': 'Policy'}, {'entity': '2026', 'type': 'Date'}, {'entity': '1% yoy', 'type': 'Percentage'}, {'entity': '9-10% per tahun', 'type': 'Percentage'}, {'entity': 'Samuel Sekuritas Indonesia', 'type': 'Organization'}, {'entity': 'Prasetya Gunadi', 'type': 'Person'}, {'entity': 'Brandon Boedhiman', 'type': 'Person'}, {'entity': 'riset', 'type': 'Document'}, {'entity': 'Kamis (13/11/2025)', 'type': 'Date'}, {'entity': 'margin bunga bersih', 'type': 'Financial Metric'}, {'entity': 'net interest margin', 'type': 'Financial Metric'}, {'entity': 'NIM', 'type': 'Financial Metric'}, {'entity': '7,3-7,7%', 'type': 'Percentage'}, {'entity': 'rasio dana murah', 'type': 'Financial Metric'}, {'entity': 'current account saving account', 'type': 'Financial Metric'}, {'entity': 'CASA', 'type': 'Financial Metric'}, {'entity': '65%', 'type': 'Percentage'}, {'entity': 'strategi penetapan bunga kredit', 'type': 'Financial Strategy'}, {'entity': 'lebih selektif', 'type': 'Attribute'}, {'entity': 'biaya kredit', 'type': 'Financial Metric'}, {'entity': 'cost of credit', 'type': 'Financial Metric'}, {'entity': 'CoC', 'type': 'Financial Metric'}, {'entity': '3,2-3,3%', 'type': 'Percentage'}, {'entity': '3-3,2%', 'type': 'Percentage'}, {'entity': 'peningkatan write-offs', 'type': 'Financial Term'}, {'entity': 'tekanan berkelanjutan', 'type': 'Financial Term'}, {'entity': 'eksposur lama', 'type': 'Financial Term'}, {'entity': 'legacy portfolio', 'type': 'Financial Term'}, {'entity': 'menurun menjadi 2,9-3,2%', 'type': 'Percentage'}, {'entity': 'Theresa Sandra Desfika', 'type': 'Person'}, {'entity': 'thresa.lepaslandas@gmail.com', 'type': 'Email'}, {'entity': 'Channel Telegram Official', 'type': 'Platform'}, {'entity': 'investor.id', 'type': 'Website'}]","Saham BRI (BBRI) kembali menguat menjadi Rp 4.020 (+0,50%) pada perdagangan 20 November 2025, dengan volume perdagangan mencapai 123,57 juta saham dan nilai transaksi Rp 499,20 miliar. Saham ini bergerak dalam rentang Rp 4.010–4.050 dan telah ditutup di zona hijau selama periode 14–19 November. Asing mencatat beli bersih (net buy) sebesar Rp 570,18 miliar pada periode 13–19 November. Analis Phintraco Sekuritas memprediksi rebound berdasarkan pola teknikal *neckline cup and handle* dan potensi *golden cross* pada Stochastic RSI, dengan target harga pertama Rp 4.050 yang sudah tercapai, serta target kedua di kisaran Rp 4.200–4.250. Dalam jangka panjang, BRI tetap dilihat prospektif dengan pertumbuhan kredit 2025 diproyeksikan 7–9%, didorong oleh segmen konsumer, korporasi, dan pembiayaan berbasis emas, meski pertumbuhan kredit mikro mengalami perlambatan sementara akibat pembersihan portofolio dan kebijakan kredit yang lebih ketat. Proyeksi peningkatan pertumbuhan kredit mikro diperkirakan kembali stabil di 1% YoY pada 2026 dan kembali normal 9–10% dalam jangka panjang. Margin bunga bersih (NIM) diprediksi stabil di 7,3–7,7%, didukung rasio CASA di atas 65%, sementara biaya kredit (CoC) diproyeksikan sedikit meningkat di 3,2–3,3% pada 2025, namun akan menurun menjadi 2,9–3,2% pada 2026 seiring penyelesaian portofolio lama."
"PT Adaro Andalan Indonesia Tbk (AADI) mengumumkan secara resmi kurs konversi untuk pembagian dividen interim. AADI menetapkan kurs tengah Bank Indonesia tanggal 19 November 2025 Rp 16.760/dolar AS.

“Dengan demikian jumlah keseluruhan dividen tunai interim yang akan dibagikan perseroan dalam mata uang rupiah adalah sebesar Rp 4,18 triliun,” jelas Sekretaris Perusahaan AADI, Ray Aryaputra dalam keterangan resmi dikutip Kamis (20/11/2025).

Dividen interim tersebut dibagikan untuk 7.786.891.760 saham, sehingga setiap sahamnya memperoleh dividen sebesar Rp 538,08.

Adapuncumdividen interim Adaro Andalan Indonesia (AADI) di pasar reguler dan pasar negosiasi sudah lewat pada Senin (17/11/2025).Cumdividen adalah batas akhir bagi investor untuk membeli saham tertentu dan tetap berhak mendapatkan dividen yang akan dibagikan perusahaan.

Saham ini ditutup naik 0,57% ke Rp 8.750 saatcum datesehinggayielddividennya 6,15%. Tapi saham AADI jatuh sekitar 10% (akumulasi 18 dan 19 November) usaicum date.

Daftar pemegang saham yang berhak di 19 November 2025 pukul 16.00 WIB. Dan pembayaran dividen pada 27 November 2025.

Editor:Theresa Sandra Desfika(thresa.lepaslandas@gmail.com)

Follow ChannelTelegram Officialkami untuk update artikel-artikel investor.id",market,https://investor.id/market/418138/muncul-pengumuman-resmi-dividen-interim-rp-538-per-saham,2025-11-21T18:08:04.177019,Muncul Pengumuman Resmi Dividen Interim Rp 538 per Saham,"[{'entity': 'PT Adaro Andalan Indonesia Tbk', 'type': 'Organization'}, {'entity': 'AADI', 'type': 'Organization'}, {'entity': 'Bank Indonesia', 'type': 'Organization'}, {'entity': '19 November 2025', 'type': 'Date'}, {'entity': 'Rp 16.760/dolar AS', 'type': 'Currency'}, {'entity': 'Ray Aryaputra', 'type': 'Person'}, {'entity': 'Kamis (20/11/2025)', 'type': 'Date'}, {'entity': '7.786.891.760 saham', 'type': 'Quantity'}, {'entity': 'Rp 538,08', 'type': 'Currency'}, {'entity': 'Senin (17/11/2025)', 'type': 'Date'}, {'entity': 'cumdividen', 'type': 'Financial Term'}, {'entity': 'pasar reguler', 'type': 'Market'}, {'entity': 'pasar negosiasi', 'type': 'Market'}, {'entity': '19 November 2025 pukul 16.00 WIB', 'type': 'Date'}, {'entity': '27 November 2025', 'type': 'Date'}, {'entity': 'Theresa Sandra Desfika', 'type': 'Person'}, {'entity': 'thresa.lepaslandas@gmail.com', 'type': 'Email'}, {'entity': 'ChannelTelegram Official', 'type': 'Organization'}, {'entity': 'investor.id', 'type': 'Website'}]","PT Adaro Andalan Indonesia Tbk (AADI) resmi menetapkan kurs konversi dividen interim sebesar Rp 16.760 per dolar AS berdasarkan nilai tengah Bank Indonesia pada 19 November 2025. Total dividen tunai yang akan dibagikan mencapai Rp 4,18 triliun untuk 7,786 miliar saham, memberikan dividen per saham sebesar Rp 538,08. Batas akhir pembelian saham untuk mendapatkan dividen (cumdividen) telah berlaku pada Senin, 17 November 2025, dengan daftar pemegang saham berhak ditentukan pada 19 November 2025 pukul 16.00 WIB. Pembayaran dividen dilakukan pada 27 November 2025. Saat cumdividen, saham AADI naik 0,57% ke Rp 8.750 (yield dividen 6,15%), tetapi sempat turun sekitar 10% pada 18–19 November akibat koreksi pasar setelah cumdividen."
"Saham emiten Grup Sinar Mas, PT Pabrik Kertas Tjiwi Kimia Tbk (TKIM) diparkir menguat 2,53% ke Rp 7.100 pada akhir sesi I perdagangan Kamis (20/11/2025). Saham TKIM berbalik arah setelah sempat tertekan selama 5 hari bursa beruntun.

Tercatat 681,9 ribu saham TKIM diperdagangkan, frekuensi 763 kali, dan nilai transaksi Rp 4,84 miliar.

Secara valuasi, saham TKIM atraktif. Dengan rasioprice to book value(PBV) 0,46 kali. Atau nilai buku per sahamnya nyaris Rp 15.500. Adapunprice earning ratio(PER) di angka 4,74 kali (annualized).

BRI Danareksa Sekuritas menyebutkan bahwa pada 3Q25, TKIM mencatat laba bersih US$ 213,2 juta, melonjak 107,7% yoy meski pendapatan turun 2,7% yoy menjadi US$ 738,9 juta. Kenaikan laba terutama berasal dari efisiensi biaya, laba selisih kurs US$ 16,2 juta, serta peningkatan kontribusi entitas asosiasi dari US$ 98,2 juta menjadi US$ 169,4 juta.

Editor:Theresa Sandra Desfika(thresa.lepaslandas@gmail.com)

Follow ChannelTelegram Officialkami untuk update artikel-artikel investor.id",market,https://investor.id/market/418161/laba-emiten-naik107-book-value-rp-15500-saham-diskon-besar,2025-11-21T18:08:05.281284,"Laba Emiten Naik 107%,BookValueRp 15.500, Saham Diskon Besar","[{'entity': 'Grup Sinar Mas', 'type': 'Organization'}, {'entity': 'PT Pabrik Kertas Tjiwi Kimia Tbk', 'type': 'Organization'}, {'entity': 'TKIM', 'type': 'Organization'}, {'entity': 'Kamis (20/11/2025)', 'type': 'Date'}, {'entity': 'BRI Danareksa Sekuritas', 'type': 'Organization'}, {'entity': '3Q25', 'type': 'Date'}, {'entity': 'US$ 213,2 juta', 'type': 'Money'}, {'entity': '107,7%', 'type': 'Percent'}, {'entity': '2,7%', 'type': 'Percent'}, {'entity': 'US$ 738,9 juta', 'type': 'Money'}, {'entity': 'US$ 16,2 juta', 'type': 'Money'}, {'entity': 'US$ 98,2 juta', 'type': 'Money'}, {'entity': 'US$ 169,4 juta', 'type': 'Money'}, {'entity': 'Rp 7.100', 'type': 'Money'}, {'entity': '681,9 ribu saham', 'type': 'Quantity'}, {'entity': '763 kali', 'type': 'Quantity'}, {'entity': 'Rp 4,84 miliar', 'type': 'Money'}, {'entity': '0,46 kali', 'type': 'Quantity'}, {'entity': 'Rp 15.500', 'type': 'Money'}, {'entity': '4,74 kali', 'type': 'Quantity'}, {'entity': 'Theresa Sandra Desfika', 'type': 'Person'}, {'entity': 'thresa.lepaslandas@gmail.com', 'type': 'Email'}, {'entity': 'ChannelTelegram Officialkami', 'type': 'Organization'}, {'entity': 'investor.id', 'type': 'Organization'}]","Saham PT Pabrik Kertas Tjiwi Kimia Tbk (TKIM), emiten Grup Sinar Mas, naik 2,53% menjadi Rp 7.100 pada akhir sesi I perdagangan Kamis (20/11/2025), membalikkan tren penurunan berkelanjutan selama lima hari sebelumnya. Transaksi mencapai 681,9 ribu saham dengan nilai Rp 4,84 miliar dan frekuensi 763 kali. Dengan PBV 0,46 kali dan PER 4,74 kali, saham TKIM dianggap menarik dari sisi valuasi. Pada kuartal III 2025, TKIM mencatat laba bersih US$ 213,2 juta—melonjak 107,7% year-on-year—meski pendapatan turun 2,7% menjadi US$ 738,9 juta, didorong oleh efisiensi biaya, laba selisih kurs, dan peningkatan kontribusi entitas asosiasi."
"Harga emas batangan milik PT Aneka Tambang atau Antam (ANTM) diperkirakan berpeluang naik, tetapi masih akan berfluktuasi pada Jumat, 21 November 2025.

""Kalau mengalami kenaikan,resistancepertama kemungkinan di Rp 2.378.000. Kalau turun,supportpertama di Rp 2.338.000,” kata pengamat pasar komoditas, Ibrahim Assuaibi dalam keterangannya, dikutip Kamis (20/11/2025).

Dipantau dari laman Logam Mulia, harga emas Antam (ANTM) pada Kamis (20/11/2025) kembali melejit sebesar Rp 21.000 ke level Rp 2.364.000 per gram. Harga beli kembali ataubuybackemas Antam (ANTM) hari ini juga kembali melesat sebesar Rp 21.000 ke level Rp 2.225.000 per gram.

Sebelumnya, harga emas batangan Antam (ANTM) pada Rabu (19/11/2025) melonjak tajam sebesar Rp 21.000 ke level Rp 2.343.000 per gram.

Pada Selasa (18/11/2025), harga emas Antam (ANTM) sempat anjlok hingga Rp 29.000 ke level Rp 2.322.000 per gram.

Transaksi harga jual dikenakan potongan pajak sesuai dengan Peraturan Menteri Keuangan (PMK) No 34/PMK.10/2017.

Penjualan kembali emas batangan ke Antam (ANTM) dengan nominal lebih dari Rp 10 juta akan dikenakan Pajak Penghasilan (PPh) 22 sebesar 1,5% bagi pemegang Nomor Pokok Wajib Pajak (NPWP) dan 3% bagi non-NPWP. PPh 22 atas transaksibuybackdipangkas langsung dari total nilaibuyback.

Berikut adalah harga pecahan emas batangan yang tercatat di laman Logam Mulia Antam (ANTM) pada Kamis (20/11/2025):

Editor:Natasha Khairunisa Amani(tasha.amani@gmail.com)

Follow ChannelTelegram Officialkami untuk update artikel-artikel investor.id",market,https://investor.id/market/418165/prediksi-harga-emas-antam-antm-jumat-21november-2025,2025-11-21T18:08:06.447608,Prediksi Harga Emas Antam (ANTM) Jumat 21 November 2025,"[{'entity': 'PT Aneka Tambang', 'type': 'Organization'}, {'entity': 'Antam', 'type': 'Organization'}, {'entity': 'ANTM', 'type': 'Organization'}, {'entity': 'Ibrahim Assuaibi', 'type': 'Person'}, {'entity': 'Logam Mulia', 'type': 'Organization'}, {'entity': 'Kamis', 'type': 'Date'}, {'entity': '20/11/2025', 'type': 'Date'}, {'entity': 'Jumat', 'type': 'Date'}, {'entity': '21 November 2025', 'type': 'Date'}, {'entity': 'Rabu', 'type': 'Date'}, {'entity': '19/11/2025', 'type': 'Date'}, {'entity': 'Selasa', 'type': 'Date'}, {'entity': '18/11/2025', 'type': 'Date'}, {'entity': 'Peraturan Menteri Keuangan (PMK) No 34/PMK.10/2017', 'type': 'Legal Document'}, {'entity': 'Pajak Penghasilan (PPh) 22', 'type': 'Tax'}, {'entity': 'Nomor Pokok Wajib Pajak (NPWP)', 'type': 'Identification'}, {'entity': 'Rp 10 juta', 'type': 'Money'}, {'entity': '1,5%', 'type': 'Percentage'}, {'entity': '3%', 'type': 'Percentage'}, {'entity': 'Rp 2.378.000', 'type': 'Money'}, {'entity': 'Rp 2.338.000', 'type': 'Money'}, {'entity': 'Rp 2.364.000', 'type': 'Money'}, {'entity': 'Rp 2.225.000', 'type': 'Money'}, {'entity': 'Rp 2.343.000', 'type': 'Money'}, {'entity': 'Rp 2.322.000', 'type': 'Money'}, {'entity': 'Rp 21.000', 'type': 'Money'}, {'entity': 'Rp 29.000', 'type': 'Money'}, {'entity': 'Natasha Khairunisa Amani', 'type': 'Person'}, {'entity': 'tasha.amani@gmail.com', 'type': 'Email'}, {'entity': 'ChannelTelegram Officialkami', 'type': 'Organization'}]","Harga emas batangan PT Aneka Tambang (Antam/ANTM) diproyeksikan berpotensi naik pada Jumat, 21 November 2025, namun tetap cenderung fluktuatif. Pada Kamis (20/11/2025), harga emas Antam melonjak menjadi Rp 2.364.000 per gram, naik Rp 21.000 dari hari sebelumnya, sementara harga beli kembali (buyback) juga naik menjadi Rp 2.225.000 per gram. Sebelumnya, harga sempat anjlok hingga Rp 2.322.000 per gram pada Selasa (18/11/2025). Analis Ibrahim Assuaibi memprediksi resistance pertama di Rp 2.378.000 dan support pertama di Rp 2.338.000. Transaksi pembelian emas dikenai pajak sesuai PMK No 34/PMK.10/2017, sedangkan pembayaran buyback atas nominal di atas Rp 10 juta dikenakan PPh 22 sebesar 1,5% (NPWP) atau 3% (non-NPWP), dipotong langsung dari jumlah dana yang diterima."
"Emiten Grup Salim, PT Indofood CBP Sukses Makmur Tbk (ICBP) diperkirakan mampu mempertahankan, bahkan memperluas pangsa pasarnya di tengah persaingan yang ketat. Saham ICBP pun tetap menarik, karena harganya murah dengan fundamental dan prospek yang baik.

“Kami mempertahankan proyeksi penjualan dan laba ICBP, mengingat hasil kuartal III-2025 masih sesuai ekspektasi. Penjualan mencapai 72% dan laba bersih 78% dari target setahun penuh,” tulisEquity Research AnalystKiwoom Sekuritas Indonesia, Abdul Azis Setyo W dalam risetnya, yang dikutip pada Kamis (20/11/2025).

Menurut dia, inovasi produk yang berkelanjutan bakal membantu kinerja Indofood CBP. Namun, laba bersih produsen mi instan dengan merek Indomie tersebut masih berpotensi tertekan akibat rugi kurs, seiring volatilitas mata uang.

Adapun rencana pemerintah terkait skema repatriasi dolar AS dapat menstabilkan rupiah dan mengurangi tekanan pada kinerja Indofood CBP mendatang.

Selama Januari-September 2025, emiten berkode saham ICBP tersebut membukukan pendapatan Rp 56,26 triliun atau tumbuh 1,4% yoy. Sedangkan pada kuartal III-2025, ICBP mencatatkan penjualan Rp 19,7 triliun, naik 0,8% yoy atau 7,2% qoq.

Lemahnya daya beli konsumen terus menahan pertumbuhan pendapatan ICBP, terlihat dari penjualan domestik yang hanya naik 0,8% yoy selama Januari-September 2025. Sebaliknya, segmen luar negeri membukukan pertumbuhan lebih kuat sebesar 2,6% yoy, ditopang oleh kinerja yang solid di Asia, Timur Tengah, dan Afrika.

Sedangkan laba bersih ICBP turun 12,8% yoy menjadi Rp 7,1 triliun. Hal itu terutama disebabkan oleh rugi kurs sebesar Rp 1,43 triliun.

Editor:Jauhari Mahardhika(mahardhikajauhari@gmail.com)

Follow ChannelTelegram Officialkami untuk update artikel-artikel investor.id",market,https://investor.id/market/418154/saham-murah-emiten-grup-salim,2025-11-21T18:08:07.590807,Saham Murah Emiten Grup Salim,"[{'entity': 'Emiten Grup Salim', 'type': 'Organization'}, {'entity': 'PT Indofood CBP Sukses Makmur Tbk', 'type': 'Organization'}, {'entity': 'ICBP', 'type': 'Organization'}, {'entity': 'Kiwoom Sekuritas Indonesia', 'type': 'Organization'}, {'entity': 'Abdul Azis Setyo W', 'type': 'Person'}, {'entity': 'Indomie', 'type': 'Product'}, {'entity': 'Kamis (20/11/2025)', 'type': 'Date'}, {'entity': 'Januari-September 2025', 'type': 'Date'}, {'entity': 'Kuartal III-2025', 'type': 'Date'}, {'entity': 'Rp 56,26 triliun', 'type': 'Monetary'}, {'entity': '0,8% yoy', 'type': 'Percentage'}, {'entity': '7,2% qoq', 'type': 'Percentage'}, {'entity': '0,8% yoy', 'type': 'Percentage'}, {'entity': '2,6% yoy', 'type': 'Percentage'}, {'entity': '12,8% yoy', 'type': 'Percentage'}, {'entity': 'Rp 7,1 triliun', 'type': 'Monetary'}, {'entity': 'Rp 1,43 triliun', 'type': 'Monetary'}, {'entity': 'Jauhari Mahardhika', 'type': 'Person'}, {'entity': 'mahardhikajauhari@gmail.com', 'type': 'Email'}, {'entity': 'ChannelTelegram Officialkami', 'type': 'Organization'}]","PT Indofood CBP Sukses Makmur Tbk (ICBP), emiten grup Salim, diperkirakan mampu mempertahankan dan memperluas pangsa pasar meski menghadapi persaingan ketat, dengan saham yang tetap menarik karena harga terjangkau dan prospek fundamental kuat. Proyeksi penjualan dan laba ICBP tetap terjaga hingga kuartal III-2025, dengan penjualan mencapai 72% dan laba bersih 78% dari target tahunan. Inovasi produk menjadi kunci pertumbuhan, namun laba bersih terkendala oleh rugi kurs sebesar Rp 1,43 triliun akibat volatilitas mata uang, yang menyebabkan penurunan laba bersih 12,8% yoy menjadi Rp 7,1 triliun. Pertumbuhan pendapatan sebesar 1,4% yoy menjadi Rp 56,26 triliun hingga September 2025, dengan penjualan domestik yang stagnan (naik 0,8% yoy), sementara sektor ekspor tumbuh lebih kuat (2,6% yoy) berkat kinerja di Asia, Timur Tengah, dan Afrika. Rencana repatriasi dolar AS oleh pemerintah berpotensi menstabilkan nilai tukar rupiah dan mengurangi tekanan pada kinerja ke depan."
